template_id,rank,lane,family_name,category,source,implementation_status,binding_review_status,adaptation_qualified,semantic_slots,text_bindings,contract_objects,explicit_color_roles,style_profiles,color_customization_now,font_customization_now,bullet_customization_now,row_column_customization_now,item_count_customization_now,connector_customization_now,indicator_customization_now,timeline_customization_now,opaque_areas,source_bound_limits,next_support_needed,desired_customizations,currently_exposed_overlay_zones,recommended_component_route
t001-uhg-013,1,architecture_product,Layer legend beside a compact architecture component map,layers_components,uhg:013,implemented,bindings_inspected,False,7,12,7,none declared,none declared,none in contract; source colors fixed,unsupported by this contract; source typeface/theme retained,copy within existing text/run/paragraph bindings only; bullet glyph/style/count fixed,"labels/copy editable where slot exists; source row/column count, sizing and positions fixed",fixed source item/object count; no add/remove/repeat API,not exposed as semantic geometry; source connectors/lines/arrows are fixed or disclosed opaque artwork,text labels editable where present; shape position/data/scale/visual indicator fixed unless explicitly declared as RGB/text binding,not a timeline pattern; source geometry remains fixed,"[""Inset UHG component architecture map, colored layer cells, and mini-overview are source graphics; legend text at left is editable.""]","[""Fixed source geometry and binding cardinality; no dynamic reflow or variable item count."", ""Text fit is not measured; native PowerPoint fit and visual QA remain pending."", ""Illustrative planning copy coexists with disclosed original labels, logos, and diagrams; review retained source facts before client use.""]",dynamic source-native reflow/count changes; font roles; editable connector/indicator geometry or data as applicable,"{""color"": ""layer family fills + accessible text contrast"", ""fonts"": ""keep source face; add a governed heading/body font role only after font-profile support"", ""bullets"": ""preserve existing layer notes; avoid converting hierarchy levels"", ""rows"": ""layer count/order and legend entries"", ""columns"": ""component cells per layer"", ""items"": ""components per layer"", ""connectors"": ""layer-to-layer connectors and labels"", ""indicators"": ""callout/legend semantics"", ""timeline"": ""n/a""}",0,"{""fixed_pattern_reuse"": ""pptxtemplate inspect/build-review for the 65 hash-pinned source contracts; pptxcomponent check/apply for exposed text and declared color bindings"", ""new_geometry_or_dynamic_counts"": ""pptxcompose spec and its fit/probe/build workflow; this route still needs purpose-built primitives for native tables, richer connectors, and repeatable layout families"", ""portable_contracts"": ""pptxlib currently indexes 13 portable contracts separately from the 65 reviewed source-pattern templates"", ""references"": [""cmd/pptxtemplate/README.md"", ""cmd/pptxcomponent/README.md"", ""planning/DENSE_LAYOUT_GAPS.md"", ""planning/SHARED_GAPS_IMPLEMENTATION.md""]}"
t002-software-modernization-044,2,architecture_product,Product input/platform/integration bridge with feature sidebar and value strip,product_overview,software-modernization:044,implemented,bindings_inspected,False,16,62,16,none declared,none declared,none in contract; source colors fixed,unsupported by this contract; source typeface/theme retained,copy within existing text/run/paragraph bindings only; bullet glyph/style/count fixed,"labels/copy editable where slot exists; source row/column count, sizing and positions fixed",fixed source item/object count; no add/remove/repeat API,not exposed as semantic geometry; source connectors/lines/arrows are fixed or disclosed opaque artwork,text labels editable where present; shape position/data/scale/visual indicator fixed unless explicitly declared as RGB/text binding,not a timeline pattern; source geometry remains fixed,"[""Central Intellio Evolve mark, connector arrows, and sidebar icons are retained source artwork. Vendor and product names in the input/integration lists remain visible and source-specific.""]","[""Fixed source geometry and binding cardinality; no dynamic reflow or variable item count."", ""Editable example copy is illustrative and has not been natively fit or visually qualified after these edits."", ""Retained source logos, branded diagrams, and source-specific claims require review before client use.""]",dynamic source-native reflow/count changes; font roles; editable connector/indicator geometry or data as applicable,"{""color"": ""product/platform/channel color roles"", ""fonts"": ""title, product name and body hierarchy"", ""bullets"": ""benefit/features per card and exact bullet count"", ""rows"": ""step/benefit groups"", ""columns"": ""products, integrations, feature cards"", ""items"": ""feature/card count and order"", ""connectors"": ""input-to-platform-to-outcome links"", ""indicators"": ""benefit/metric emphasis"", ""timeline"": ""n/a""}",0,"{""fixed_pattern_reuse"": ""pptxtemplate inspect/build-review for the 65 hash-pinned source contracts; pptxcomponent check/apply for exposed text and declared color bindings"", ""new_geometry_or_dynamic_counts"": ""pptxcompose spec and its fit/probe/build workflow; this route still needs purpose-built primitives for native tables, richer connectors, and repeatable layout families"", ""portable_contracts"": ""pptxlib currently indexes 13 portable contracts separately from the 65 reviewed source-pattern templates"", ""references"": [""cmd/pptxtemplate/README.md"", ""cmd/pptxcomponent/README.md"", ""planning/DENSE_LAYOUT_GAPS.md"", ""planning/SHARED_GAPS_IMPLEMENTATION.md""]}"
t003-software-modernization-046,3,architecture_product,Evidence progression beside three action panels and a qualification band,product_detail,software-modernization:046,implemented,bindings_inspected,False,17,17,17,none declared,none declared,none in contract; source colors fixed,unsupported by this contract; source typeface/theme retained,copy within existing text/run/paragraph bindings only; bullet glyph/style/count fixed,"labels/copy editable where slot exists; source row/column count, sizing and positions fixed",fixed source item/object count; no add/remove/repeat API,not exposed as semantic geometry; source connectors/lines/arrows are fixed or disclosed opaque artwork,text labels editable where present; shape position/data/scale/visual indicator fixed unless explicitly declared as RGB/text binding,not a timeline pattern; source geometry remains fixed,"[""All non-text source diagrams, connectors, product screenshots, icons, chart marks, logos, and process geometry remain unchanged; editable labels were adapted to describe their roles.""]","[""Fixed source geometry and exact text cardinality; native fit remains unmeasured."", ""No client outcome or testimonial claims are made by the illustrative example."", ""Non-text diagrams and images retain source-specific visual content where present.""]",dynamic source-native reflow/count changes; font roles; editable connector/indicator geometry or data as applicable,"{""color"": ""evidence/action/status distinction"", ""fonts"": ""heading/body hierarchy"", ""bullets"": ""evidence and action count per panel"", ""rows"": ""evidence rows or phases"", ""columns"": ""parallel action panels"", ""items"": ""panel/artifact count"", ""connectors"": ""evidence-to-action relationship"", ""indicators"": ""qualification/risk band and evidence state"", ""timeline"": ""stage order if phase-based""}",0,"{""fixed_pattern_reuse"": ""pptxtemplate inspect/build-review for the 65 hash-pinned source contracts; pptxcomponent check/apply for exposed text and declared color bindings"", ""new_geometry_or_dynamic_counts"": ""pptxcompose spec and its fit/probe/build workflow; this route still needs purpose-built primitives for native tables, richer connectors, and repeatable layout families"", ""portable_contracts"": ""pptxlib currently indexes 13 portable contracts separately from the 65 reviewed source-pattern templates"", ""references"": [""cmd/pptxtemplate/README.md"", ""cmd/pptxcomponent/README.md"", ""planning/DENSE_LAYOUT_GAPS.md"", ""planning/SHARED_GAPS_IMPLEMENTATION.md""]}"
t004-enablecomp-023,4,architecture_product,Product proposition and benefits beside numbered how-it-works steps,product_overview,enablecomp:023,implemented,bindings_inspected,False,11,30,11,none declared,none declared,none in contract; source colors fixed,unsupported by this contract; source typeface/theme retained,copy within existing text/run/paragraph bindings only; bullet glyph/style/count fixed,"labels/copy editable where slot exists; source row/column count, sizing and positions fixed",fixed source item/object count; no add/remove/repeat API,not exposed as semantic geometry; source connectors/lines/arrows are fixed or disclosed opaque artwork,text labels editable where present; shape position/data/scale/visual indicator fixed unless explicitly declared as RGB/text binding,not a timeline pattern; source geometry remains fixed,"[""ProcessIQ logo and step number tiles are source artwork/shapes; explanatory process copy and step labels are editable.""]","[""Fixed source geometry and binding cardinality; no dynamic reflow or variable item count."", ""Text fit is not measured; native PowerPoint fit and visual QA remain pending."", ""Illustrative planning copy coexists with disclosed original labels, logos, and diagrams; review retained source facts before client use.""]",dynamic source-native reflow/count changes; font roles; editable connector/indicator geometry or data as applicable,"{""color"": ""product/platform/channel color roles"", ""fonts"": ""title, product name and body hierarchy"", ""bullets"": ""benefit/features per card and exact bullet count"", ""rows"": ""step/benefit groups"", ""columns"": ""products, integrations, feature cards"", ""items"": ""feature/card count and order"", ""connectors"": ""input-to-platform-to-outcome links"", ""indicators"": ""benefit/metric emphasis"", ""timeline"": ""n/a""}",0,"{""fixed_pattern_reuse"": ""pptxtemplate inspect/build-review for the 65 hash-pinned source contracts; pptxcomponent check/apply for exposed text and declared color bindings"", ""new_geometry_or_dynamic_counts"": ""pptxcompose spec and its fit/probe/build workflow; this route still needs purpose-built primitives for native tables, richer connectors, and repeatable layout families"", ""portable_contracts"": ""pptxlib currently indexes 13 portable contracts separately from the 65 reviewed source-pattern templates"", ""references"": [""cmd/pptxtemplate/README.md"", ""cmd/pptxcomponent/README.md"", ""planning/DENSE_LAYOUT_GAPS.md"", ""planning/SHARED_GAPS_IMPLEMENTATION.md""]}"
t005-uhg-012,5,architecture_product,Five capability pillars with a separate icon-and-risk band,business_architecture,uhg:012,implemented,bindings_inspected,False,18,37,18,none declared,none declared,none in contract; source colors fixed,unsupported by this contract; source typeface/theme retained,copy within existing text/run/paragraph bindings only; bullet glyph/style/count fixed,"labels/copy editable where slot exists; source row/column count, sizing and positions fixed",fixed source item/object count; no add/remove/repeat API,not exposed as semantic geometry; source connectors/lines/arrows are fixed or disclosed opaque artwork,text labels editable where present; shape position/data/scale/visual indicator fixed unless explicitly declared as RGB/text binding,not a timeline pattern; source geometry remains fixed,"[""Risk-band icons and supporting line illustrations are retained source artwork; phase headings, capability copy, and risk text remain editable.""]","[""Fixed source geometry and binding cardinality; no dynamic reflow or variable item count."", ""Text fit is not measured; native PowerPoint fit and visual QA remain pending."", ""Illustrative planning copy coexists with disclosed original labels, logos, and diagrams; review retained source facts before client use.""]",dynamic source-native reflow/count changes; font roles; editable connector/indicator geometry or data as applicable,"{""color"": ""domain/status/actor families"", ""fonts"": ""row label/body hierarchy"", ""bullets"": ""supporting bullets per row/cell"", ""rows"": ""actors, capabilities, work steps"", ""columns"": ""domain/platform/role axes"", ""items"": ""capability and component count"", ""connectors"": ""dependencies and flow direction"", ""indicators"": ""risk/value/gauge thresholds"", ""timeline"": ""n/a unless stages are explicit""}",0,"{""fixed_pattern_reuse"": ""pptxtemplate inspect/build-review for the 65 hash-pinned source contracts; pptxcomponent check/apply for exposed text and declared color bindings"", ""new_geometry_or_dynamic_counts"": ""pptxcompose spec and its fit/probe/build workflow; this route still needs purpose-built primitives for native tables, richer connectors, and repeatable layout families"", ""portable_contracts"": ""pptxlib currently indexes 13 portable contracts separately from the 65 reviewed source-pattern templates"", ""references"": [""cmd/pptxtemplate/README.md"", ""cmd/pptxcomponent/README.md"", ""planning/DENSE_LAYOUT_GAPS.md"", ""planning/SHARED_GAPS_IMPLEMENTATION.md""]}"
t006-graphics-and-layouts-021,6,approach_narrative,Five stage cards arranged around central circular lifecycle arrow,approach_delivery,graphics-and-layouts:021,implemented,bindings_inspected,False,6,6,6,none declared,none declared,none in contract; source colors fixed,unsupported by this contract; source typeface/theme retained,copy within existing text/run/paragraph bindings only; bullet glyph/style/count fixed,"labels/copy editable where slot exists; source row/column count, sizing and positions fixed",fixed source item/object count; no add/remove/repeat API,not exposed as semantic geometry; source connectors/lines/arrows are fixed or disclosed opaque artwork,text labels editable where present; shape position/data/scale/visual indicator fixed unless explicitly declared as RGB/text binding,not a timeline pattern; source geometry remains fixed,"[""Circular arrow and stage boxes are fixed source shapes.""]","[""Fixed source geometry; longer replacement text may not fit."", ""Source graphics are preserved and may retain source-specific visual context."", ""No claims of native fit, reflow, or visual qualification.""]",dynamic source-native reflow/count changes; font roles; editable connector/indicator geometry or data as applicable,"{""color"": ""phase/status and gate states"", ""fonts"": ""phase title/body/decision hierarchy"", ""bullets"": ""activities per phase"", ""rows"": ""parallel tracks or workstreams"", ""columns"": ""phase count and objective/deliverable slots"", ""items"": ""phase/gate count"", ""connectors"": ""phase-to-phase arrows and handoffs"", ""indicators"": ""decision gates and completion cues"", ""timeline"": ""duration, sequence, milestones""}",0,"{""fixed_pattern_reuse"": ""pptxtemplate inspect/build-review for the 65 hash-pinned source contracts; pptxcomponent check/apply for exposed text and declared color bindings"", ""new_geometry_or_dynamic_counts"": ""pptxcompose spec and its fit/probe/build workflow; this route still needs purpose-built primitives for native tables, richer connectors, and repeatable layout families"", ""portable_contracts"": ""pptxlib currently indexes 13 portable contracts separately from the 65 reviewed source-pattern templates"", ""references"": [""cmd/pptxtemplate/README.md"", ""cmd/pptxcomponent/README.md"", ""planning/DENSE_LAYOUT_GAPS.md"", ""planning/SHARED_GAPS_IMPLEMENTATION.md""]}"
t007-graphics-and-layouts-052,7,architecture_product,Radial taxonomy chart with outer domains and inner value dimensions,business_architecture,graphics-and-layouts:052,implemented,bindings_inspected,False,21,33,21,none declared,none declared,none in contract; source colors fixed,unsupported by this contract; source typeface/theme retained,copy within existing text/run/paragraph bindings only; bullet glyph/style/count fixed,"labels/copy editable where slot exists; source row/column count, sizing and positions fixed",fixed source item/object count; no add/remove/repeat API,not exposed as semantic geometry; source connectors/lines/arrows are fixed or disclosed opaque artwork,text labels editable where present; shape position/data/scale/visual indicator fixed unless explicitly declared as RGB/text binding,not a timeline pattern; source geometry remains fixed,"[""Radial taxonomy wheel, sector geometry, and curved outer domain labels are graphical elements; only exposed text objects around/within the wheel are editable.""]","[""Fixed source geometry and binding cardinality; no dynamic reflow or variable item count."", ""Text fit is not measured; native PowerPoint fit and visual QA remain pending."", ""Illustrative planning copy coexists with disclosed original labels, logos, and diagrams; review retained source facts before client use.""]",dynamic source-native reflow/count changes; font roles; editable connector/indicator geometry or data as applicable,"{""color"": ""domain/status/actor families"", ""fonts"": ""row label/body hierarchy"", ""bullets"": ""supporting bullets per row/cell"", ""rows"": ""actors, capabilities, work steps"", ""columns"": ""domain/platform/role axes"", ""items"": ""capability and component count"", ""connectors"": ""dependencies and flow direction"", ""indicators"": ""risk/value/gauge thresholds"", ""timeline"": ""n/a unless stages are explicit""}",0,"{""fixed_pattern_reuse"": ""pptxtemplate inspect/build-review for the 65 hash-pinned source contracts; pptxcomponent check/apply for exposed text and declared color bindings"", ""new_geometry_or_dynamic_counts"": ""pptxcompose spec and its fit/probe/build workflow; this route still needs purpose-built primitives for native tables, richer connectors, and repeatable layout families"", ""portable_contracts"": ""pptxlib currently indexes 13 portable contracts separately from the 65 reviewed source-pattern templates"", ""references"": [""cmd/pptxtemplate/README.md"", ""cmd/pptxcomponent/README.md"", ""planning/DENSE_LAYOUT_GAPS.md"", ""planning/SHARED_GAPS_IMPLEMENTATION.md""]}"
t008-graphics-and-layouts-032,8,evidence_people,Two radar charts side by side for current and future capability profiles,comparison_evidence,graphics-and-layouts:032,implemented,bindings_inspected,False,3,3,4,chart_current_series_legend,"source, series_match","bounded declared RGB roles only (1 role(s), 2 profile(s)); no global recolor",unsupported by this contract; source typeface/theme retained,copy within existing text/run/paragraph bindings only; bullet glyph/style/count fixed,"labels/copy editable where slot exists; source row/column count, sizing and positions fixed",fixed source item/object count; no add/remove/repeat API,not exposed as semantic geometry; source connectors/lines/arrows are fixed or disclosed opaque artwork,text labels editable where present; shape position/data/scale/visual indicator fixed unless explicitly declared as RGB/text binding,not a timeline pattern; source geometry remains fixed,"[""Both radar plots, polygon outlines, axis labels, rating values, and series geometry are opaque chart artwork and retain source assessments.""]","[""Fixed text-binding cardinality and opaque source charts; chart values and geometry remain unchanged."", ""Both current legend color targets pass structural validation and copy-on-apply checks. Native rendering must confirm appearance and text fit."", ""The chart drawing resource is intentionally modified only at the pinned color node; input resource hash and output hash are logged.""]",dynamic source-native reflow/count changes; font roles; editable connector/indicator geometry or data as applicable,"{""color"": ""criteria/status and data-series color"", ""fonts"": ""row/column headings and evidence notes"", ""bullets"": ""qualitative evidence count per cell"", ""rows"": ""criteria and alternative rows"", ""columns"": ""comparison options and evidence columns"", ""items"": ""number of alternatives/criteria"", ""connectors"": ""mapping from pain point to response"", ""indicators"": ""gauge scale, thresholds, current/target marker"", ""timeline"": ""n/a""}",0,"{""fixed_pattern_reuse"": ""pptxtemplate inspect/build-review for the 65 hash-pinned source contracts; pptxcomponent check/apply for exposed text and declared color bindings"", ""new_geometry_or_dynamic_counts"": ""pptxcompose spec and its fit/probe/build workflow; this route still needs purpose-built primitives for native tables, richer connectors, and repeatable layout families"", ""portable_contracts"": ""pptxlib currently indexes 13 portable contracts separately from the 65 reviewed source-pattern templates"", ""references"": [""cmd/pptxtemplate/README.md"", ""cmd/pptxcomponent/README.md"", ""planning/DENSE_LAYOUT_GAPS.md"", ""planning/SHARED_GAPS_IMPLEMENTATION.md""]}"
t009-software-modernization-055,9,approach_narrative,Navy section divider with large section number above two-line appendix title at lower left,framing_navigation,software-modernization:055,implemented,bindings_inspected,False,2,3,2,section_title_emphasis,"source, cool_emphasis","bounded declared RGB roles only (1 role(s), 2 profile(s)); no global recolor",unsupported by this contract; source typeface/theme retained,copy within existing text/run/paragraph bindings only; bullet glyph/style/count fixed,"labels/copy editable where slot exists; source row/column count, sizing and positions fixed",fixed source item/object count; no add/remove/repeat API,not exposed as semantic geometry; source connectors/lines/arrows are fixed or disclosed opaque artwork,text labels editable where present; shape position/data/scale/visual indicator fixed unless explicitly declared as RGB/text binding,not a timeline pattern; source geometry remains fixed,"[""Full-slide navy background, underline, and source logo are fixed.""]","[""Fixed source geometry; longer replacement text may not fit."", ""Source graphics are preserved and may retain source-specific visual context."", ""No claims of native fit, reflow, or visual qualification.""]",dynamic source-native reflow/count changes; font roles; editable connector/indicator geometry or data as applicable,"{""color"": ""section/brand accent"", ""fonts"": ""title/subtitle/metadata hierarchy"", ""bullets"": ""opening points or agenda items"", ""rows"": ""agenda/navigation items"", ""columns"": ""contents/decision panels"", ""items"": ""section count, agenda count"", ""connectors"": ""navigation links where present"", ""indicators"": ""section number and stage marker"", ""timeline"": ""agenda durations if shown""}",0,"{""fixed_pattern_reuse"": ""pptxtemplate inspect/build-review for the 65 hash-pinned source contracts; pptxcomponent check/apply for exposed text and declared color bindings"", ""new_geometry_or_dynamic_counts"": ""pptxcompose spec and its fit/probe/build workflow; this route still needs purpose-built primitives for native tables, richer connectors, and repeatable layout families"", ""portable_contracts"": ""pptxlib currently indexes 13 portable contracts separately from the 65 reviewed source-pattern templates"", ""references"": [""cmd/pptxtemplate/README.md"", ""cmd/pptxcomponent/README.md"", ""planning/DENSE_LAYOUT_GAPS.md"", ""planning/SHARED_GAPS_IMPLEMENTATION.md""]}"
t010-uhg-015,10,architecture_product,Four explanatory blocks beside a highlighted architecture layer,layers_components,uhg:015,implemented,bindings_inspected,False,11,16,5,none declared,none declared,none in contract; source colors fixed,unsupported by this contract; source typeface/theme retained,copy within existing text/run/paragraph bindings only; bullet glyph/style/count fixed,"labels/copy editable where slot exists; source row/column count, sizing and positions fixed",fixed source item/object count; no add/remove/repeat API,not exposed as semantic geometry; source connectors/lines/arrows are fixed or disclosed opaque artwork,text labels editable where present; shape position/data/scale/visual indicator fixed unless explicitly declared as RGB/text binding,not a timeline pattern; source geometry remains fixed,"[""Large architecture map, highlight box, arrow, and miniature overview are retained source graphics; summary text to the left is editable.""]","[""Fixed source geometry and binding cardinality; no dynamic reflow or variable item count."", ""Text fit is not measured; native PowerPoint fit and visual QA remain pending."", ""Illustrative planning copy coexists with disclosed original labels, logos, and diagrams; review retained source facts before client use.""]",dynamic source-native reflow/count changes; font roles; editable connector/indicator geometry or data as applicable,"{""color"": ""layer family fills + accessible text contrast"", ""fonts"": ""keep source face; add a governed heading/body font role only after font-profile support"", ""bullets"": ""preserve existing layer notes; avoid converting hierarchy levels"", ""rows"": ""layer count/order and legend entries"", ""columns"": ""component cells per layer"", ""items"": ""components per layer"", ""connectors"": ""layer-to-layer connectors and labels"", ""indicators"": ""callout/legend semantics"", ""timeline"": ""n/a""}",0,"{""fixed_pattern_reuse"": ""pptxtemplate inspect/build-review for the 65 hash-pinned source contracts; pptxcomponent check/apply for exposed text and declared color bindings"", ""new_geometry_or_dynamic_counts"": ""pptxcompose spec and its fit/probe/build workflow; this route still needs purpose-built primitives for native tables, richer connectors, and repeatable layout families"", ""portable_contracts"": ""pptxlib currently indexes 13 portable contracts separately from the 65 reviewed source-pattern templates"", ""references"": [""cmd/pptxtemplate/README.md"", ""cmd/pptxcomponent/README.md"", ""planning/DENSE_LAYOUT_GAPS.md"", ""planning/SHARED_GAPS_IMPLEMENTATION.md""]}"
t011-graphics-and-layouts-111,11,approach_narrative,Stock Six Value Cards,narrative,graphics-and-layouts:111,implemented,bindings_inspected,False,7,13,7,none declared,none declared,none in contract; source colors fixed,unsupported by this contract; source typeface/theme retained,copy within existing text/run/paragraph bindings only; bullet glyph/style/count fixed,"labels/copy editable where slot exists; source row/column count, sizing and positions fixed",fixed source item/object count; no add/remove/repeat API,not exposed as semantic geometry; source connectors/lines/arrows are fixed or disclosed opaque artwork,text labels editable where present; shape position/data/scale/visual indicator fixed unless explicitly declared as RGB/text binding,not a timeline pattern; source geometry remains fixed,"[""Six blue card bodies and arrow accents are fixed source shapes.""]","[""Fixed source geometry; longer replacement text may not fit."", ""Source graphics are preserved and may retain source-specific visual context."", ""No claims of native fit, reflow, or visual qualification.""]",dynamic source-native reflow/count changes; font roles; editable connector/indicator geometry or data as applicable,"{""color"": ""emphasis/surface/foreground pairs"", ""fonts"": ""headline, subhead, body hierarchy"", ""bullets"": ""paragraph/bullet count per field"", ""rows"": ""content modules"", ""columns"": ""card/column count"", ""items"": ""content card count"", ""connectors"": ""cycle/sequence arrows if present"", ""indicators"": ""callout statistic or pull quote"", ""timeline"": ""n/a""}",0,"{""fixed_pattern_reuse"": ""pptxtemplate inspect/build-review for the 65 hash-pinned source contracts; pptxcomponent check/apply for exposed text and declared color bindings"", ""new_geometry_or_dynamic_counts"": ""pptxcompose spec and its fit/probe/build workflow; this route still needs purpose-built primitives for native tables, richer connectors, and repeatable layout families"", ""portable_contracts"": ""pptxlib currently indexes 13 portable contracts separately from the 65 reviewed source-pattern templates"", ""references"": [""cmd/pptxtemplate/README.md"", ""cmd/pptxcomponent/README.md"", ""planning/DENSE_LAYOUT_GAPS.md"", ""planning/SHARED_GAPS_IMPLEMENTATION.md""]}"
t012-software-modernization-006,12,evidence_people,"Three case-study cards with context, result, paired metrics, and business-value footer",outcomes_commercial,software-modernization:006,implemented,bindings_inspected,False,34,34,34,none declared,none declared,none in contract; source colors fixed,unsupported by this contract; source typeface/theme retained,copy within existing text/run/paragraph bindings only; bullet glyph/style/count fixed,"labels/copy editable where slot exists; source row/column count, sizing and positions fixed",fixed source item/object count; no add/remove/repeat API,not exposed as semantic geometry; source connectors/lines/arrows are fixed or disclosed opaque artwork,text labels editable where present; shape position/data/scale/visual indicator fixed unless explicitly declared as RGB/text binding,not a timeline pattern; source geometry remains fixed,"[""No source image charts; source performance metric claims appear in the uneditable source disclosure and are retained as source facts.""]","[""Fixed text-binding cardinality; text flow and fit are not measured."", ""Source-only diagrams, charts, screenshots and their labels remain opaque unless specifically editable text slots."", ""Native rendering, visual fit, adaptation qualification, and application of example values have not been performed by this lane.""]",dynamic source-native reflow/count changes; font roles; editable connector/indicator geometry or data as applicable,"{""color"": ""metric type and outcome state"", ""fonts"": ""metric label/value/body hierarchy"", ""bullets"": ""support evidence per card"", ""rows"": ""metrics/benefit rows"", ""columns"": ""outcome cards"", ""items"": ""metric count and paired baselines"", ""connectors"": ""cause-to-result relation"", ""indicators"": ""value, unit, baseline/target, scale"", ""timeline"": ""time-to-value, period labels""}",0,"{""fixed_pattern_reuse"": ""pptxtemplate inspect/build-review for the 65 hash-pinned source contracts; pptxcomponent check/apply for exposed text and declared color bindings"", ""new_geometry_or_dynamic_counts"": ""pptxcompose spec and its fit/probe/build workflow; this route still needs purpose-built primitives for native tables, richer connectors, and repeatable layout families"", ""portable_contracts"": ""pptxlib currently indexes 13 portable contracts separately from the 65 reviewed source-pattern templates"", ""references"": [""cmd/pptxtemplate/README.md"", ""cmd/pptxcomponent/README.md"", ""planning/DENSE_LAYOUT_GAPS.md"", ""planning/SHARED_GAPS_IMPLEMENTATION.md""]}"
t013-uhg-031,13,architecture_product,Eight capability cards arranged radially around a central product/value proposition.,product_detail,uhg:031,implemented,bindings_inspected,False,12,30,12,none declared,none declared,none in contract; source colors fixed,unsupported by this contract; source typeface/theme retained,copy within existing text/run/paragraph bindings only; bullet glyph/style/count fixed,"labels/copy editable where slot exists; source row/column count, sizing and positions fixed",fixed source item/object count; no add/remove/repeat API,not exposed as semantic geometry; source connectors/lines/arrows are fixed or disclosed opaque artwork,text labels editable where present; shape position/data/scale/visual indicator fixed unless explicitly declared as RGB/text binding,not a timeline pattern; source geometry remains fixed,"[""Center icon and directional arrows are source artwork; eight capability card texts are editable.""]","[""Fixed source geometry and binding cardinality; no dynamic reflow or variable item count."", ""Editable example copy is illustrative and has not been natively fit or visually qualified after these edits."", ""Retained source logos, branded diagrams, and source-specific claims require review before client use.""]",dynamic source-native reflow/count changes; font roles; editable connector/indicator geometry or data as applicable,"{""color"": ""evidence/action/status distinction"", ""fonts"": ""heading/body hierarchy"", ""bullets"": ""evidence and action count per panel"", ""rows"": ""evidence rows or phases"", ""columns"": ""parallel action panels"", ""items"": ""panel/artifact count"", ""connectors"": ""evidence-to-action relationship"", ""indicators"": ""qualification/risk band and evidence state"", ""timeline"": ""stage order if phase-based""}",0,"{""fixed_pattern_reuse"": ""pptxtemplate inspect/build-review for the 65 hash-pinned source contracts; pptxcomponent check/apply for exposed text and declared color bindings"", ""new_geometry_or_dynamic_counts"": ""pptxcompose spec and its fit/probe/build workflow; this route still needs purpose-built primitives for native tables, richer connectors, and repeatable layout families"", ""portable_contracts"": ""pptxlib currently indexes 13 portable contracts separately from the 65 reviewed source-pattern templates"", ""references"": [""cmd/pptxtemplate/README.md"", ""cmd/pptxcomponent/README.md"", ""planning/DENSE_LAYOUT_GAPS.md"", ""planning/SHARED_GAPS_IMPLEMENTATION.md""]}"
t014-software-modernization-018,14,architecture_product,Four vertical differentiator panels with dense bullets and separate dark why-it-matters callouts below,product_overview,software-modernization:018,implemented,bindings_inspected,False,10,38,10,none declared,none declared,none in contract; source colors fixed,unsupported by this contract; source typeface/theme retained,copy within existing text/run/paragraph bindings only; bullet glyph/style/count fixed,"labels/copy editable where slot exists; source row/column count, sizing and positions fixed",fixed source item/object count; no add/remove/repeat API,not exposed as semantic geometry; source connectors/lines/arrows are fixed or disclosed opaque artwork,text labels editable where present; shape position/data/scale/visual indicator fixed unless explicitly declared as RGB/text binding,not a timeline pattern; source geometry remains fixed,"[""Four card icons and connector arrows are source artwork; differentiator and rationale text is editable.""]","[""Fixed source geometry and binding cardinality; no dynamic reflow or variable item count."", ""Revised rich-text fit awaits native rendering and visual review."", ""The fixed yellow title highlight does not follow changed title words and remains an open visual issue.""]",dynamic source-native reflow/count changes; font roles; editable connector/indicator geometry or data as applicable,"{""color"": ""product/platform/channel color roles"", ""fonts"": ""title, product name and body hierarchy"", ""bullets"": ""benefit/features per card and exact bullet count"", ""rows"": ""step/benefit groups"", ""columns"": ""products, integrations, feature cards"", ""items"": ""feature/card count and order"", ""connectors"": ""input-to-platform-to-outcome links"", ""indicators"": ""benefit/metric emphasis"", ""timeline"": ""n/a""}",0,"{""fixed_pattern_reuse"": ""pptxtemplate inspect/build-review for the 65 hash-pinned source contracts; pptxcomponent check/apply for exposed text and declared color bindings"", ""new_geometry_or_dynamic_counts"": ""pptxcompose spec and its fit/probe/build workflow; this route still needs purpose-built primitives for native tables, richer connectors, and repeatable layout families"", ""portable_contracts"": ""pptxlib currently indexes 13 portable contracts separately from the 65 reviewed source-pattern templates"", ""references"": [""cmd/pptxtemplate/README.md"", ""cmd/pptxcomponent/README.md"", ""planning/DENSE_LAYOUT_GAPS.md"", ""planning/SHARED_GAPS_IMPLEMENTATION.md""]}"
t015-graphics-and-layouts-083,15,approach_narrative,"Two alternative duration plans with phase bars, task rows, dependencies, and stage gates",roadmap,graphics-and-layouts:083,implemented,bindings_inspected,False,5,30,5,none declared,none declared,none in contract; source colors fixed,unsupported by this contract; source typeface/theme retained,copy within existing text/run/paragraph bindings only; bullet glyph/style/count fixed,"labels/copy editable where slot exists; source row/column count, sizing and positions fixed",fixed source item/object count; no add/remove/repeat API,not exposed as semantic geometry; source connectors/lines/arrows are fixed or disclosed opaque artwork,text labels editable where present; shape position/data/scale/visual indicator fixed unless explicitly declared as RGB/text binding,fixed event/phase count and placement; text labels only where slots exist,"[""Week grid, highlighted durations, dependency arrows, and pilot stars are fixed artwork.""]","[""Fixed source geometry; longer replacement text may not fit."", ""Source graphics are preserved and may retain source-specific visual context."", ""No claims of native fit, reflow, or visual qualification."", ""Timeline geometry and colored phase bars are fixed; changing timing labels alone does not move or resize them.""]",dynamic source-native reflow/count changes; font roles; editable connector/indicator geometry or data as applicable,"{""color"": ""phase, status, owner and milestone roles"", ""fonts"": ""period, phase, milestone and workstream hierarchy"", ""bullets"": ""work items per phase"", ""rows"": ""workstreams, dependencies, recurring governance"", ""columns"": ""period count, header labels and beyond-horizon column"", ""items"": ""phase/bar/milestone count"", ""connectors"": ""dependency lines, tails and handoffs"", ""indicators"": ""gates, active/inactive fills and status markers"", ""timeline"": ""period scale, duration, milestone position and cadence""}",0,"{""fixed_pattern_reuse"": ""pptxtemplate inspect/build-review for the 65 hash-pinned source contracts; pptxcomponent check/apply for exposed text and declared color bindings"", ""new_geometry_or_dynamic_counts"": ""pptxcompose spec and its fit/probe/build workflow; this route still needs purpose-built primitives for native tables, richer connectors, and repeatable layout families"", ""portable_contracts"": ""pptxlib currently indexes 13 portable contracts separately from the 65 reviewed source-pattern templates"", ""references"": [""cmd/pptxtemplate/README.md"", ""cmd/pptxcomponent/README.md"", ""planning/DENSE_LAYOUT_GAPS.md"", ""planning/SHARED_GAPS_IMPLEMENTATION.md""]}"
t016-graphics-and-layouts-041,16,evidence_people,Complex team chart at left paired with responsibility matrix at right,team_credentials,graphics-and-layouts:041,implemented,bindings_inspected,False,37,52,37,none declared,none declared,none in contract; source colors fixed,unsupported by this contract; source typeface/theme retained,copy within existing text/run/paragraph bindings only; bullet glyph/style/count fixed,"labels/copy editable where slot exists; source row/column count, sizing and positions fixed",fixed source item/object count; no add/remove/repeat API,not exposed as semantic geometry; source connectors/lines/arrows are fixed or disclosed opaque artwork,text labels editable where present; shape position/data/scale/visual indicator fixed unless explicitly declared as RGB/text binding,not a timeline pattern; source geometry remains fixed,"[""Connector topology, color-coded role categories, and any shapes without text remain fixed source diagram elements.""]","[""Fixed text-binding cardinality; text flow and fit are not measured."", ""Source-only diagrams, charts, screenshots and their labels remain opaque unless specifically editable text slots."", ""Native rendering, visual fit, adaptation qualification, and application of example values have not been performed by this lane.""]",dynamic source-native reflow/count changes; font roles; editable connector/indicator geometry or data as applicable,"{""color"": ""role/pod/ownership distinctions"", ""fonts"": ""role/name/responsibility hierarchy"", ""bullets"": ""role responsibilities per box"", ""rows"": ""role definitions and responsibility rows"", ""columns"": ""pods, workstreams and matrix axes"", ""items"": ""roles, pods, leaders and SME count"", ""connectors"": ""reporting lines and matrix responsibility"", ""indicators"": ""allocation percent, owner, RACI or time commitment"", ""timeline"": ""staffing ramp or transition if shown""}",0,"{""fixed_pattern_reuse"": ""pptxtemplate inspect/build-review for the 65 hash-pinned source contracts; pptxcomponent check/apply for exposed text and declared color bindings"", ""new_geometry_or_dynamic_counts"": ""pptxcompose spec and its fit/probe/build workflow; this route still needs purpose-built primitives for native tables, richer connectors, and repeatable layout families"", ""portable_contracts"": ""pptxlib currently indexes 13 portable contracts separately from the 65 reviewed source-pattern templates"", ""references"": [""cmd/pptxtemplate/README.md"", ""cmd/pptxcomponent/README.md"", ""planning/DENSE_LAYOUT_GAPS.md"", ""planning/SHARED_GAPS_IMPLEMENTATION.md""]}"
t017-software-modernization-025,17,architecture_product,Three-column evidence flow from source inputs through context layer to four accelerated build tasks,technical_architecture,software-modernization:025,implemented,bindings_inspected,False,21,21,21,none declared,none declared,none in contract; source colors fixed,unsupported by this contract; source typeface/theme retained,copy within existing text/run/paragraph bindings only; bullet glyph/style/count fixed,"labels/copy editable where slot exists; source row/column count, sizing and positions fixed",fixed source item/object count; no add/remove/repeat API,not exposed as semantic geometry; source connectors/lines/arrows are fixed or disclosed opaque artwork,text labels editable where present; shape position/data/scale/visual indicator fixed unless explicitly declared as RGB/text binding,not a timeline pattern; source geometry remains fixed,"[""All non-text source diagrams, connectors, product screenshots, icons, chart marks, logos, and process geometry remain unchanged; editable labels were adapted to describe their roles.""]","[""Fixed source geometry and exact text cardinality; native fit remains unmeasured."", ""No client outcome or testimonial claims are made by the illustrative example."", ""Non-text diagrams and images retain source-specific visual content where present.""]",dynamic source-native reflow/count changes; font roles; editable connector/indicator geometry or data as applicable,"{""color"": ""layer/type/security-boundary roles"", ""fonts"": ""component/interface/callout hierarchy"", ""bullets"": ""integration/proof points per area"", ""rows"": ""architecture layers"", ""columns"": ""systems, channels, data stores and alternatives"", ""items"": ""component/service count"", ""connectors"": ""direction, protocol, dependency and boundary crossings"", ""indicators"": ""trust/security, criticality and readiness markers"", ""timeline"": ""n/a unless migration waves shown""}",0,"{""fixed_pattern_reuse"": ""pptxtemplate inspect/build-review for the 65 hash-pinned source contracts; pptxcomponent check/apply for exposed text and declared color bindings"", ""new_geometry_or_dynamic_counts"": ""pptxcompose spec and its fit/probe/build workflow; this route still needs purpose-built primitives for native tables, richer connectors, and repeatable layout families"", ""portable_contracts"": ""pptxlib currently indexes 13 portable contracts separately from the 65 reviewed source-pattern templates"", ""references"": [""cmd/pptxtemplate/README.md"", ""cmd/pptxcomponent/README.md"", ""planning/DENSE_LAYOUT_GAPS.md"", ""planning/SHARED_GAPS_IMPLEMENTATION.md""]}"
t018-graphics-and-layouts-114,18,evidence_people,Five-quote panel,visual_storytelling,graphics-and-layouts:114,implemented,bindings_inspected,False,6,86,6,none declared,none declared,none in contract; source colors fixed,unsupported by this contract; source typeface/theme retained,copy within existing text/run/paragraph bindings only; bullet glyph/style/count fixed,"labels/copy editable where slot exists; source row/column count, sizing and positions fixed",fixed source item/object count; no add/remove/repeat API,not exposed as semantic geometry; source connectors/lines/arrows are fixed or disclosed opaque artwork,text labels editable where present; shape position/data/scale/visual indicator fixed unless explicitly declared as RGB/text binding,not a timeline pattern; source geometry remains fixed,"[""Person pictograms and speech-bubble silhouettes remain fixed decorative source artwork; example copy is not testimonial evidence.""]","[""Fixed text-binding cardinality; text flow and fit are not measured."", ""Source-only diagrams, charts, screenshots and their labels remain opaque unless specifically editable text slots."", ""Native rendering, visual fit, adaptation qualification, and application of example values have not been performed by this lane.""]",dynamic source-native reflow/count changes; font roles; editable connector/indicator geometry or data as applicable,"{""color"": ""caption/highlight consistency"", ""fonts"": ""caption/callout/label hierarchy"", ""bullets"": ""captions/quote count"", ""rows"": ""story/artifact sequence"", ""columns"": ""image/quote/metric arrangement"", ""items"": ""image, quote and artifact count/order"", ""connectors"": ""story sequence/annotation pointers"", ""indicators"": ""number badges/metric overlays"", ""timeline"": ""milestone/photo sequence if present""}",0,"{""fixed_pattern_reuse"": ""pptxtemplate inspect/build-review for the 65 hash-pinned source contracts; pptxcomponent check/apply for exposed text and declared color bindings"", ""new_geometry_or_dynamic_counts"": ""pptxcompose spec and its fit/probe/build workflow; this route still needs purpose-built primitives for native tables, richer connectors, and repeatable layout families"", ""portable_contracts"": ""pptxlib currently indexes 13 portable contracts separately from the 65 reviewed source-pattern templates"", ""references"": [""cmd/pptxtemplate/README.md"", ""cmd/pptxcomponent/README.md"", ""planning/DENSE_LAYOUT_GAPS.md"", ""planning/SHARED_GAPS_IMPLEMENTATION.md""]}"
t019-graphics-and-layouts-029,19,approach_narrative,"Four square cards in a two-by-two cycle, joined by magenta directional connectors",approach_delivery,graphics-and-layouts:029,implemented,bindings_inspected,False,5,5,5,none declared,none declared,none in contract; source colors fixed,unsupported by this contract; source typeface/theme retained,copy within existing text/run/paragraph bindings only; bullet glyph/style/count fixed,"labels/copy editable where slot exists; source row/column count, sizing and positions fixed",fixed source item/object count; no add/remove/repeat API,not exposed as semantic geometry; source connectors/lines/arrows are fixed or disclosed opaque artwork,text labels editable where present; shape position/data/scale/visual indicator fixed unless explicitly declared as RGB/text binding,not a timeline pattern; source geometry remains fixed,"[""Magenta cycle connectors and four card surfaces are fixed source shapes.""]","[""Fixed source geometry; longer replacement text may not fit."", ""Source graphics are preserved and may retain source-specific visual context."", ""No claims of native fit, reflow, or visual qualification.""]",dynamic source-native reflow/count changes; font roles; editable connector/indicator geometry or data as applicable,"{""color"": ""phase/status and gate states"", ""fonts"": ""phase title/body/decision hierarchy"", ""bullets"": ""activities per phase"", ""rows"": ""parallel tracks or workstreams"", ""columns"": ""phase count and objective/deliverable slots"", ""items"": ""phase/gate count"", ""connectors"": ""phase-to-phase arrows and handoffs"", ""indicators"": ""decision gates and completion cues"", ""timeline"": ""duration, sequence, milestones""}",0,"{""fixed_pattern_reuse"": ""pptxtemplate inspect/build-review for the 65 hash-pinned source contracts; pptxcomponent check/apply for exposed text and declared color bindings"", ""new_geometry_or_dynamic_counts"": ""pptxcompose spec and its fit/probe/build workflow; this route still needs purpose-built primitives for native tables, richer connectors, and repeatable layout families"", ""portable_contracts"": ""pptxlib currently indexes 13 portable contracts separately from the 65 reviewed source-pattern templates"", ""references"": [""cmd/pptxtemplate/README.md"", ""cmd/pptxcomponent/README.md"", ""planning/DENSE_LAYOUT_GAPS.md"", ""planning/SHARED_GAPS_IMPLEMENTATION.md""]}"
t020-graphics-and-layouts-062,20,architecture_product,Six aligned architecture layers with variable-width capability cells,business_architecture,graphics-and-layouts:062,implemented,bindings_inspected,False,46,56,46,none declared,none declared,none in contract; source colors fixed,unsupported by this contract; source typeface/theme retained,copy within existing text/run/paragraph bindings only; bullet glyph/style/count fixed,"labels/copy editable where slot exists; source row/column count, sizing and positions fixed",fixed source item/object count; no add/remove/repeat API,not exposed as semantic geometry; source connectors/lines/arrows are fixed or disclosed opaque artwork,text labels editable where present; shape position/data/scale/visual indicator fixed unless explicitly declared as RGB/text binding,not a timeline pattern; source geometry remains fixed,"[""Layer bands, cell fills, and shape geometry are retained source elements; row labels and value-driver text are editable.""]","[""Fixed source geometry and binding cardinality; no dynamic reflow or variable item count."", ""Text fit is not measured; native PowerPoint fit and visual QA remain pending."", ""Illustrative planning copy coexists with disclosed original labels, logos, and diagrams; review retained source facts before client use.""]",dynamic source-native reflow/count changes; font roles; editable connector/indicator geometry or data as applicable,"{""color"": ""domain/status/actor families"", ""fonts"": ""row label/body hierarchy"", ""bullets"": ""supporting bullets per row/cell"", ""rows"": ""actors, capabilities, work steps"", ""columns"": ""domain/platform/role axes"", ""items"": ""capability and component count"", ""connectors"": ""dependencies and flow direction"", ""indicators"": ""risk/value/gauge thresholds"", ""timeline"": ""n/a unless stages are explicit""}",0,"{""fixed_pattern_reuse"": ""pptxtemplate inspect/build-review for the 65 hash-pinned source contracts; pptxcomponent check/apply for exposed text and declared color bindings"", ""new_geometry_or_dynamic_counts"": ""pptxcompose spec and its fit/probe/build workflow; this route still needs purpose-built primitives for native tables, richer connectors, and repeatable layout families"", ""portable_contracts"": ""pptxlib currently indexes 13 portable contracts separately from the 65 reviewed source-pattern templates"", ""references"": [""cmd/pptxtemplate/README.md"", ""cmd/pptxcomponent/README.md"", ""planning/DENSE_LAYOUT_GAPS.md"", ""planning/SHARED_GAPS_IMPLEMENTATION.md""]}"
t021-graphics-and-layouts-013,21,evidence_people,Left pain-point rows connected horizontally to matching right-side themes,comparison_evidence,graphics-and-layouts:013,implemented,bindings_inspected,False,16,22,16,none declared,none declared,none in contract; source colors fixed,unsupported by this contract; source typeface/theme retained,copy within existing text/run/paragraph bindings only; bullet glyph/style/count fixed,"labels/copy editable where slot exists; source row/column count, sizing and positions fixed",fixed source item/object count; no add/remove/repeat API,not exposed as semantic geometry; source connectors/lines/arrows are fixed or disclosed opaque artwork,text labels editable where present; shape position/data/scale/visual indicator fixed unless explicitly declared as RGB/text binding,not a timeline pattern; source geometry remains fixed,"[""Connecting chevrons and background geometry remain fixed.""]","[""Fixed text-binding cardinality; text flow and fit are not measured."", ""Source-only diagrams, charts, screenshots and their labels remain opaque unless specifically editable text slots."", ""Native rendering, visual fit, adaptation qualification, and application of example values have not been performed by this lane.""]",dynamic source-native reflow/count changes; font roles; editable connector/indicator geometry or data as applicable,"{""color"": ""criteria/status and data-series color"", ""fonts"": ""row/column headings and evidence notes"", ""bullets"": ""qualitative evidence count per cell"", ""rows"": ""criteria and alternative rows"", ""columns"": ""comparison options and evidence columns"", ""items"": ""number of alternatives/criteria"", ""connectors"": ""mapping from pain point to response"", ""indicators"": ""gauge scale, thresholds, current/target marker"", ""timeline"": ""n/a""}",0,"{""fixed_pattern_reuse"": ""pptxtemplate inspect/build-review for the 65 hash-pinned source contracts; pptxcomponent check/apply for exposed text and declared color bindings"", ""new_geometry_or_dynamic_counts"": ""pptxcompose spec and its fit/probe/build workflow; this route still needs purpose-built primitives for native tables, richer connectors, and repeatable layout families"", ""portable_contracts"": ""pptxlib currently indexes 13 portable contracts separately from the 65 reviewed source-pattern templates"", ""references"": [""cmd/pptxtemplate/README.md"", ""cmd/pptxcomponent/README.md"", ""planning/DENSE_LAYOUT_GAPS.md"", ""planning/SHARED_GAPS_IMPLEMENTATION.md""]}"
t022-uhg-001,22,approach_narrative,Proposal cover with large title and client name on the left and a full-height photograph o,framing_navigation,uhg:001,implemented,bindings_inspected,False,2,3,2,none declared,none declared,none in contract; source colors fixed,unsupported by this contract; source typeface/theme retained,copy within existing text/run/paragraph bindings only; bullet glyph/style/count fixed,"labels/copy editable where slot exists; source row/column count, sizing and positions fixed",fixed source item/object count; no add/remove/repeat API,not exposed as semantic geometry; source connectors/lines/arrows are fixed or disclosed opaque artwork,text labels editable where present; shape position/data/scale/visual indicator fixed unless explicitly declared as RGB/text binding,not a timeline pattern; source geometry remains fixed,"[""Healthcare cover photograph and West Monroe logo are source images; named source contacts and address remain visible outside the contract.""]","[""Fixed source geometry; longer replacement text may not fit."", ""Source graphics are preserved and may retain source-specific visual context."", ""No claims of native fit, reflow, or visual qualification."", ""Client-specific names and contact details remain visible in the source cover.""]",dynamic source-native reflow/count changes; font roles; editable connector/indicator geometry or data as applicable,"{""color"": ""section/brand accent"", ""fonts"": ""title/subtitle/metadata hierarchy"", ""bullets"": ""opening points or agenda items"", ""rows"": ""agenda/navigation items"", ""columns"": ""contents/decision panels"", ""items"": ""section count, agenda count"", ""connectors"": ""navigation links where present"", ""indicators"": ""section number and stage marker"", ""timeline"": ""agenda durations if shown""}",0,"{""fixed_pattern_reuse"": ""pptxtemplate inspect/build-review for the 65 hash-pinned source contracts; pptxcomponent check/apply for exposed text and declared color bindings"", ""new_geometry_or_dynamic_counts"": ""pptxcompose spec and its fit/probe/build workflow; this route still needs purpose-built primitives for native tables, richer connectors, and repeatable layout families"", ""portable_contracts"": ""pptxlib currently indexes 13 portable contracts separately from the 65 reviewed source-pattern templates"", ""references"": [""cmd/pptxtemplate/README.md"", ""cmd/pptxcomponent/README.md"", ""planning/DENSE_LAYOUT_GAPS.md"", ""planning/SHARED_GAPS_IMPLEMENTATION.md""]}"
t023-graphics-and-layouts-002,23,approach_narrative,Single large title band above one broad shaded text field,narrative,graphics-and-layouts:002,implemented,bindings_inspected,False,3,3,3,none declared,none declared,none in contract; source colors fixed,unsupported by this contract; source typeface/theme retained,copy within existing text/run/paragraph bindings only; bullet glyph/style/count fixed,"labels/copy editable where slot exists; source row/column count, sizing and positions fixed",fixed source item/object count; no add/remove/repeat API,not exposed as semantic geometry; source connectors/lines/arrows are fixed or disclosed opaque artwork,text labels editable where present; shape position/data/scale/visual indicator fixed unless explicitly declared as RGB/text binding,not a timeline pattern; source geometry remains fixed,"[""The broad shaded field and header band are fixed source shapes.""]","[""Fixed source geometry; longer replacement text may not fit."", ""Source graphics are preserved and may retain source-specific visual context."", ""No claims of native fit, reflow, or visual qualification.""]",dynamic source-native reflow/count changes; font roles; editable connector/indicator geometry or data as applicable,"{""color"": ""emphasis/surface/foreground pairs"", ""fonts"": ""headline, subhead, body hierarchy"", ""bullets"": ""paragraph/bullet count per field"", ""rows"": ""content modules"", ""columns"": ""card/column count"", ""items"": ""content card count"", ""connectors"": ""cycle/sequence arrows if present"", ""indicators"": ""callout statistic or pull quote"", ""timeline"": ""n/a""}",0,"{""fixed_pattern_reuse"": ""pptxtemplate inspect/build-review for the 65 hash-pinned source contracts; pptxcomponent check/apply for exposed text and declared color bindings"", ""new_geometry_or_dynamic_counts"": ""pptxcompose spec and its fit/probe/build workflow; this route still needs purpose-built primitives for native tables, richer connectors, and repeatable layout families"", ""portable_contracts"": ""pptxlib currently indexes 13 portable contracts separately from the 65 reviewed source-pattern templates"", ""references"": [""cmd/pptxtemplate/README.md"", ""cmd/pptxcomponent/README.md"", ""planning/DENSE_LAYOUT_GAPS.md"", ""planning/SHARED_GAPS_IMPLEMENTATION.md""]}"
t024-graphics-and-layouts-127,24,evidence_people,Pricing overview,outcomes_commercial,graphics-and-layouts:127,implemented,bindings_inspected,False,9,13,9,none declared,none declared,none in contract; source colors fixed,unsupported by this contract; source typeface/theme retained,copy within existing text/run/paragraph bindings only; bullet glyph/style/count fixed,"labels/copy editable where slot exists; source row/column count, sizing and positions fixed",fixed source item/object count; no add/remove/repeat API,not exposed as semantic geometry; source connectors/lines/arrows are fixed or disclosed opaque artwork,text labels editable where present; shape position/data/scale/visual indicator fixed unless explicitly declared as RGB/text binding,not a timeline pattern; source geometry remains fixed,"[""No chart imagery; fixed summary-card layout remains source geometry; draft commercial caveat remains copy on-slide.""]","[""Fixed text-binding cardinality; text flow and fit are not measured."", ""Source-only diagrams, charts, screenshots and their labels remain opaque unless specifically editable text slots."", ""Native rendering, visual fit, adaptation qualification, and application of example values have not been performed by this lane.""]",dynamic source-native reflow/count changes; font roles; editable connector/indicator geometry or data as applicable,"{""color"": ""metric type and outcome state"", ""fonts"": ""metric label/value/body hierarchy"", ""bullets"": ""support evidence per card"", ""rows"": ""metrics/benefit rows"", ""columns"": ""outcome cards"", ""items"": ""metric count and paired baselines"", ""connectors"": ""cause-to-result relation"", ""indicators"": ""value, unit, baseline/target, scale"", ""timeline"": ""time-to-value, period labels""}",0,"{""fixed_pattern_reuse"": ""pptxtemplate inspect/build-review for the 65 hash-pinned source contracts; pptxcomponent check/apply for exposed text and declared color bindings"", ""new_geometry_or_dynamic_counts"": ""pptxcompose spec and its fit/probe/build workflow; this route still needs purpose-built primitives for native tables, richer connectors, and repeatable layout families"", ""portable_contracts"": ""pptxlib currently indexes 13 portable contracts separately from the 65 reviewed source-pattern templates"", ""references"": [""cmd/pptxtemplate/README.md"", ""cmd/pptxcomponent/README.md"", ""planning/DENSE_LAYOUT_GAPS.md"", ""planning/SHARED_GAPS_IMPLEMENTATION.md""]}"
t025-software-modernization-047,25,architecture_product,Four phase cards pairing product evidence with team decisions,product_detail,software-modernization:047,implemented,bindings_inspected,False,23,23,23,title_ink,"source, blue_emphasis","bounded declared RGB roles only (1 role(s), 2 profile(s)); no global recolor",unsupported by this contract; source typeface/theme retained,copy within existing text/run/paragraph bindings only; bullet glyph/style/count fixed,"labels/copy editable where slot exists; source row/column count, sizing and positions fixed",fixed source item/object count; no add/remove/repeat API,not exposed as semantic geometry; source connectors/lines/arrows are fixed or disclosed opaque artwork,text labels editable where present; shape position/data/scale/visual indicator fixed unless explicitly declared as RGB/text binding,not a timeline pattern; source geometry remains fixed,"[""All non-text source diagrams, connectors, product screenshots, icons, chart marks, logos, and process geometry remain unchanged; editable labels were adapted to describe their roles.""]","[""Fixed source geometry and exact text cardinality; native fit remains unmeasured."", ""No client outcome or testimonial claims are made by the illustrative example."", ""Non-text diagrams and images retain source-specific visual content where present.""]",dynamic source-native reflow/count changes; font roles; editable connector/indicator geometry or data as applicable,"{""color"": ""evidence/action/status distinction"", ""fonts"": ""heading/body hierarchy"", ""bullets"": ""evidence and action count per panel"", ""rows"": ""evidence rows or phases"", ""columns"": ""parallel action panels"", ""items"": ""panel/artifact count"", ""connectors"": ""evidence-to-action relationship"", ""indicators"": ""qualification/risk band and evidence state"", ""timeline"": ""stage order if phase-based""}",0,"{""fixed_pattern_reuse"": ""pptxtemplate inspect/build-review for the 65 hash-pinned source contracts; pptxcomponent check/apply for exposed text and declared color bindings"", ""new_geometry_or_dynamic_counts"": ""pptxcompose spec and its fit/probe/build workflow; this route still needs purpose-built primitives for native tables, richer connectors, and repeatable layout families"", ""portable_contracts"": ""pptxlib currently indexes 13 portable contracts separately from the 65 reviewed source-pattern templates"", ""references"": [""cmd/pptxtemplate/README.md"", ""cmd/pptxcomponent/README.md"", ""planning/DENSE_LAYOUT_GAPS.md"", ""planning/SHARED_GAPS_IMPLEMENTATION.md""]}"
t026-uhg-030,26,architecture_product,Six-column accelerator and platform portfolio overview with named assets and logos.,product_overview,uhg:030,implemented,bindings_inspected,False,4,7,4,none declared,none declared,none in contract; source colors fixed,unsupported by this contract; source typeface/theme retained,copy within existing text/run/paragraph bindings only; bullet glyph/style/count fixed,"labels/copy editable where slot exists; source row/column count, sizing and positions fixed",fixed source item/object count; no add/remove/repeat API,not exposed as semantic geometry; source connectors/lines/arrows are fixed or disclosed opaque artwork,text labels editable where present; shape position/data/scale/visual indicator fixed unless explicitly declared as RGB/text binding,not a timeline pattern; source geometry remains fixed,"[""Six portfolio miniatures/screenshots and accelerator/product marks are retained source artwork; headline and accelerator caption are the only exposed text.""]","[""Fixed source geometry and binding cardinality; no dynamic reflow or variable item count."", ""Text fit is not measured; native PowerPoint fit and visual QA remain pending."", ""Illustrative planning copy coexists with disclosed original labels, logos, and diagrams; review retained source facts before client use.""]",dynamic source-native reflow/count changes; font roles; editable connector/indicator geometry or data as applicable,"{""color"": ""product/platform/channel color roles"", ""fonts"": ""title, product name and body hierarchy"", ""bullets"": ""benefit/features per card and exact bullet count"", ""rows"": ""step/benefit groups"", ""columns"": ""products, integrations, feature cards"", ""items"": ""feature/card count and order"", ""connectors"": ""input-to-platform-to-outcome links"", ""indicators"": ""benefit/metric emphasis"", ""timeline"": ""n/a""}",0,"{""fixed_pattern_reuse"": ""pptxtemplate inspect/build-review for the 65 hash-pinned source contracts; pptxcomponent check/apply for exposed text and declared color bindings"", ""new_geometry_or_dynamic_counts"": ""pptxcompose spec and its fit/probe/build workflow; this route still needs purpose-built primitives for native tables, richer connectors, and repeatable layout families"", ""portable_contracts"": ""pptxlib currently indexes 13 portable contracts separately from the 65 reviewed source-pattern templates"", ""references"": [""cmd/pptxtemplate/README.md"", ""cmd/pptxcomponent/README.md"", ""planning/DENSE_LAYOUT_GAPS.md"", ""planning/SHARED_GAPS_IMPLEMENTATION.md""]}"
t027-software-modernization-035,27,approach_narrative,Three-stage cutover process above capability-slice by current state and transition wave matrix,roadmap,software-modernization:035,implemented,bindings_inspected,False,34,34,34,headline_emphasis; section_label_emphasis; matrix_label_emphasis,"source, cool_emphasis","bounded declared RGB roles only (3 role(s), 2 profile(s)); no global recolor",unsupported by this contract; source typeface/theme retained,copy within existing text/run/paragraph bindings only; bullet glyph/style/count fixed,"labels/copy editable where slot exists; source row/column count, sizing and positions fixed",fixed source item/object count; no add/remove/repeat API,not exposed as semantic geometry; source connectors/lines/arrows are fixed or disclosed opaque artwork,text labels editable where present; shape position/data/scale/visual indicator fixed unless explicitly declared as RGB/text binding,fixed event/phase count and placement; text labels only where slots exist,"[""Cutover state-cell fills and step-number colors remain source phase encodings; legal/footer/page fields are outside the contract.""]","[""Fixed source geometry; longer replacement text may not fit."", ""Source graphics are preserved and may retain source-specific visual context."", ""No claims of native fit, reflow, or visual qualification.""]",dynamic source-native reflow/count changes; font roles; editable connector/indicator geometry or data as applicable,"{""color"": ""phase, status, owner and milestone roles"", ""fonts"": ""period, phase, milestone and workstream hierarchy"", ""bullets"": ""work items per phase"", ""rows"": ""workstreams, dependencies, recurring governance"", ""columns"": ""period count, header labels and beyond-horizon column"", ""items"": ""phase/bar/milestone count"", ""connectors"": ""dependency lines, tails and handoffs"", ""indicators"": ""gates, active/inactive fills and status markers"", ""timeline"": ""period scale, duration, milestone position and cadence""}",0,"{""fixed_pattern_reuse"": ""pptxtemplate inspect/build-review for the 65 hash-pinned source contracts; pptxcomponent check/apply for exposed text and declared color bindings"", ""new_geometry_or_dynamic_counts"": ""pptxcompose spec and its fit/probe/build workflow; this route still needs purpose-built primitives for native tables, richer connectors, and repeatable layout families"", ""portable_contracts"": ""pptxlib currently indexes 13 portable contracts separately from the 65 reviewed source-pattern templates"", ""references"": [""cmd/pptxtemplate/README.md"", ""cmd/pptxcomponent/README.md"", ""planning/DENSE_LAYOUT_GAPS.md"", ""planning/SHARED_GAPS_IMPLEMENTATION.md""]}"
t028-uhg-043,28,evidence_people,Organization chart with role nodes at left and role explanations at right.,team_credentials,uhg:043,implemented,bindings_inspected,False,35,54,35,none declared,none declared,none in contract; source colors fixed,unsupported by this contract; source typeface/theme retained,copy within existing text/run/paragraph bindings only; bullet glyph/style/count fixed,"labels/copy editable where slot exists; source row/column count, sizing and positions fixed",fixed source item/object count; no add/remove/repeat API,not exposed as semantic geometry; source connectors/lines/arrows are fixed or disclosed opaque artwork,text labels editable where present; shape position/data/scale/visual indicator fixed unless explicitly declared as RGB/text binding,not a timeline pattern; source geometry remains fixed,"[""Organization-chart connectors and role-category fills remain source artwork; retained UHG and staffing context may remain visible.""]","[""Fixed text-binding cardinality; text flow and fit are not measured."", ""Source-only diagrams, charts, screenshots and their labels remain opaque unless specifically editable text slots."", ""Native rendering, visual fit, adaptation qualification, and application of example values have not been performed by this lane."", ""Fixed org-chart connectors and actor colors do not move or adapt with role labels.""]",dynamic source-native reflow/count changes; font roles; editable connector/indicator geometry or data as applicable,"{""color"": ""role/pod/ownership distinctions"", ""fonts"": ""role/name/responsibility hierarchy"", ""bullets"": ""role responsibilities per box"", ""rows"": ""role definitions and responsibility rows"", ""columns"": ""pods, workstreams and matrix axes"", ""items"": ""roles, pods, leaders and SME count"", ""connectors"": ""reporting lines and matrix responsibility"", ""indicators"": ""allocation percent, owner, RACI or time commitment"", ""timeline"": ""staffing ramp or transition if shown""}",0,"{""fixed_pattern_reuse"": ""pptxtemplate inspect/build-review for the 65 hash-pinned source contracts; pptxcomponent check/apply for exposed text and declared color bindings"", ""new_geometry_or_dynamic_counts"": ""pptxcompose spec and its fit/probe/build workflow; this route still needs purpose-built primitives for native tables, richer connectors, and repeatable layout families"", ""portable_contracts"": ""pptxlib currently indexes 13 portable contracts separately from the 65 reviewed source-pattern templates"", ""references"": [""cmd/pptxtemplate/README.md"", ""cmd/pptxcomponent/README.md"", ""planning/DENSE_LAYOUT_GAPS.md"", ""planning/SHARED_GAPS_IMPLEMENTATION.md""]}"
t029-software-modernization-034,29,architecture_product,Three-part context architecture: evidence sources feed agent-ready layer entities then four build activities,technical_architecture,software-modernization:034,implemented,bindings_inspected,False,37,37,37,none declared,none declared,none in contract; source colors fixed,unsupported by this contract; source typeface/theme retained,copy within existing text/run/paragraph bindings only; bullet glyph/style/count fixed,"labels/copy editable where slot exists; source row/column count, sizing and positions fixed",fixed source item/object count; no add/remove/repeat API,not exposed as semantic geometry; source connectors/lines/arrows are fixed or disclosed opaque artwork,text labels editable where present; shape position/data/scale/visual indicator fixed unless explicitly declared as RGB/text binding,not a timeline pattern; source geometry remains fixed,"[""All non-text source diagrams, connectors, product screenshots, icons, chart marks, logos, and process geometry remain unchanged; editable labels were adapted to describe their roles.""]","[""Fixed source geometry and exact text cardinality; native fit remains unmeasured."", ""No client outcome or testimonial claims are made by the illustrative example."", ""Non-text diagrams and images retain source-specific visual content where present.""]",dynamic source-native reflow/count changes; font roles; editable connector/indicator geometry or data as applicable,"{""color"": ""layer/type/security-boundary roles"", ""fonts"": ""component/interface/callout hierarchy"", ""bullets"": ""integration/proof points per area"", ""rows"": ""architecture layers"", ""columns"": ""systems, channels, data stores and alternatives"", ""items"": ""component/service count"", ""connectors"": ""direction, protocol, dependency and boundary crossings"", ""indicators"": ""trust/security, criticality and readiness markers"", ""timeline"": ""n/a unless migration waves shown""}",0,"{""fixed_pattern_reuse"": ""pptxtemplate inspect/build-review for the 65 hash-pinned source contracts; pptxcomponent check/apply for exposed text and declared color bindings"", ""new_geometry_or_dynamic_counts"": ""pptxcompose spec and its fit/probe/build workflow; this route still needs purpose-built primitives for native tables, richer connectors, and repeatable layout families"", ""portable_contracts"": ""pptxlib currently indexes 13 portable contracts separately from the 65 reviewed source-pattern templates"", ""references"": [""cmd/pptxtemplate/README.md"", ""cmd/pptxcomponent/README.md"", ""planning/DENSE_LAYOUT_GAPS.md"", ""planning/SHARED_GAPS_IMPLEMENTATION.md""]}"
t030-graphics-and-layouts-117,30,evidence_people,Stock Three Quotes,visual_storytelling,graphics-and-layouts:117,implemented,bindings_inspected,False,2,5,4,none declared,none declared,none in contract; source colors fixed,unsupported by this contract; source typeface/theme retained,copy within existing text/run/paragraph bindings only; bullet glyph/style/count fixed,"labels/copy editable where slot exists; source row/column count, sizing and positions fixed",fixed source item/object count; no add/remove/repeat API,not exposed as semantic geometry; source connectors/lines/arrows are fixed or disclosed opaque artwork,text labels editable where present; shape position/data/scale/visual indicator fixed unless explicitly declared as RGB/text binding,not a timeline pattern; source geometry remains fixed,"[""Person pictograms and speech-bubble outlines remain source artwork.""]","[""Overlay frames and source style pass structural validation; native text placement and fit require visual review."", ""No person attribution or measured outcome is implied by the example questions.""]",dynamic source-native reflow/count changes; font roles; editable connector/indicator geometry or data as applicable,"{""color"": ""caption/highlight consistency"", ""fonts"": ""caption/callout/label hierarchy"", ""bullets"": ""captions/quote count"", ""rows"": ""story/artifact sequence"", ""columns"": ""image/quote/metric arrangement"", ""items"": ""image, quote and artifact count/order"", ""connectors"": ""story sequence/annotation pointers"", ""indicators"": ""number badges/metric overlays"", ""timeline"": ""milestone/photo sequence if present""}",2,"{""fixed_pattern_reuse"": ""pptxtemplate inspect/build-review for the 65 hash-pinned source contracts; pptxcomponent check/apply for exposed text and declared color bindings"", ""new_geometry_or_dynamic_counts"": ""pptxcompose spec and its fit/probe/build workflow; this route still needs purpose-built primitives for native tables, richer connectors, and repeatable layout families"", ""portable_contracts"": ""pptxlib currently indexes 13 portable contracts separately from the 65 reviewed source-pattern templates"", ""references"": [""cmd/pptxtemplate/README.md"", ""cmd/pptxcomponent/README.md"", ""planning/DENSE_LAYOUT_GAPS.md"", ""planning/SHARED_GAPS_IMPLEMENTATION.md""]}"
t031-graphics-and-layouts-065,31,approach_narrative,"Three phase cards with objectives, duration, and supporting text",approach_delivery,graphics-and-layouts:065,implemented,bindings_inspected,False,13,41,13,none declared,none declared,none in contract; source colors fixed,unsupported by this contract; source typeface/theme retained,copy within existing text/run/paragraph bindings only; bullet glyph/style/count fixed,"labels/copy editable where slot exists; source row/column count, sizing and positions fixed",fixed source item/object count; no add/remove/repeat API,not exposed as semantic geometry; source connectors/lines/arrows are fixed or disclosed opaque artwork,text labels editable where present; shape position/data/scale/visual indicator fixed unless explicitly declared as RGB/text binding,not a timeline pattern; source geometry remains fixed,"[""Phase arrows, card fills, and bullet structure are fixed; phase content is editable within existing runs.""]","[""Fixed source geometry; longer replacement text may not fit."", ""Source graphics are preserved and may retain source-specific visual context."", ""No claims of native fit, reflow, or visual qualification.""]",dynamic source-native reflow/count changes; font roles; editable connector/indicator geometry or data as applicable,"{""color"": ""phase/status and gate states"", ""fonts"": ""phase title/body/decision hierarchy"", ""bullets"": ""activities per phase"", ""rows"": ""parallel tracks or workstreams"", ""columns"": ""phase count and objective/deliverable slots"", ""items"": ""phase/gate count"", ""connectors"": ""phase-to-phase arrows and handoffs"", ""indicators"": ""decision gates and completion cues"", ""timeline"": ""duration, sequence, milestones""}",0,"{""fixed_pattern_reuse"": ""pptxtemplate inspect/build-review for the 65 hash-pinned source contracts; pptxcomponent check/apply for exposed text and declared color bindings"", ""new_geometry_or_dynamic_counts"": ""pptxcompose spec and its fit/probe/build workflow; this route still needs purpose-built primitives for native tables, richer connectors, and repeatable layout families"", ""portable_contracts"": ""pptxlib currently indexes 13 portable contracts separately from the 65 reviewed source-pattern templates"", ""references"": [""cmd/pptxtemplate/README.md"", ""cmd/pptxcomponent/README.md"", ""planning/DENSE_LAYOUT_GAPS.md"", ""planning/SHARED_GAPS_IMPLEMENTATION.md""]}"
t032-software-modernization-009,32,architecture_product,"Current-state process rail above staggered application, platform, integration, and manual-work boxes",business_architecture,software-modernization:009,implemented,bindings_inspected,False,16,16,16,none declared,none declared,none in contract; source colors fixed,unsupported by this contract; source typeface/theme retained,copy within existing text/run/paragraph bindings only; bullet glyph/style/count fixed,"labels/copy editable where slot exists; source row/column count, sizing and positions fixed",fixed source item/object count; no add/remove/repeat API,not exposed as semantic geometry; source connectors/lines/arrows are fixed or disclosed opaque artwork,text labels editable where present; shape position/data/scale/visual indicator fixed unless explicitly declared as RGB/text binding,not a timeline pattern; source geometry remains fixed,"[""All non-text source diagrams, connectors, product screenshots, icons, chart marks, logos, and process geometry remain unchanged; editable labels were adapted to describe their roles.""]","[""Fixed source geometry and exact text cardinality; native fit remains unmeasured."", ""No client outcome or testimonial claims are made by the illustrative example."", ""Non-text diagrams and images retain source-specific visual content where present.""]",dynamic source-native reflow/count changes; font roles; editable connector/indicator geometry or data as applicable,"{""color"": ""domain/status/actor families"", ""fonts"": ""row label/body hierarchy"", ""bullets"": ""supporting bullets per row/cell"", ""rows"": ""actors, capabilities, work steps"", ""columns"": ""domain/platform/role axes"", ""items"": ""capability and component count"", ""connectors"": ""dependencies and flow direction"", ""indicators"": ""risk/value/gauge thresholds"", ""timeline"": ""n/a unless stages are explicit""}",0,"{""fixed_pattern_reuse"": ""pptxtemplate inspect/build-review for the 65 hash-pinned source contracts; pptxcomponent check/apply for exposed text and declared color bindings"", ""new_geometry_or_dynamic_counts"": ""pptxcompose spec and its fit/probe/build workflow; this route still needs purpose-built primitives for native tables, richer connectors, and repeatable layout families"", ""portable_contracts"": ""pptxlib currently indexes 13 portable contracts separately from the 65 reviewed source-pattern templates"", ""references"": [""cmd/pptxtemplate/README.md"", ""cmd/pptxcomponent/README.md"", ""planning/DENSE_LAYOUT_GAPS.md"", ""planning/SHARED_GAPS_IMPLEMENTATION.md""]}"
t033-graphics-and-layouts-018,33,evidence_people,Three detailed columns with repeated question and benefits subheads plus bottom recommendation callout,comparison_evidence,graphics-and-layouts:018,implemented,bindings_inspected,False,14,17,14,none declared,none declared,none in contract; source colors fixed,unsupported by this contract; source typeface/theme retained,copy within existing text/run/paragraph bindings only; bullet glyph/style/count fixed,"labels/copy editable where slot exists; source row/column count, sizing and positions fixed",fixed source item/object count; no add/remove/repeat API,not exposed as semantic geometry; source connectors/lines/arrows are fixed or disclosed opaque artwork,text labels editable where present; shape position/data/scale/visual indicator fixed unless explicitly declared as RGB/text binding,not a timeline pattern; source geometry remains fixed,"[""Card backgrounds and decorative geometry remain source design.""]","[""Fixed text-binding cardinality; text flow and fit are not measured."", ""Source-only diagrams, charts, screenshots and their labels remain opaque unless specifically editable text slots."", ""Native rendering, visual fit, adaptation qualification, and application of example values have not been performed by this lane.""]",dynamic source-native reflow/count changes; font roles; editable connector/indicator geometry or data as applicable,"{""color"": ""criteria/status and data-series color"", ""fonts"": ""row/column headings and evidence notes"", ""bullets"": ""qualitative evidence count per cell"", ""rows"": ""criteria and alternative rows"", ""columns"": ""comparison options and evidence columns"", ""items"": ""number of alternatives/criteria"", ""connectors"": ""mapping from pain point to response"", ""indicators"": ""gauge scale, thresholds, current/target marker"", ""timeline"": ""n/a""}",0,"{""fixed_pattern_reuse"": ""pptxtemplate inspect/build-review for the 65 hash-pinned source contracts; pptxcomponent check/apply for exposed text and declared color bindings"", ""new_geometry_or_dynamic_counts"": ""pptxcompose spec and its fit/probe/build workflow; this route still needs purpose-built primitives for native tables, richer connectors, and repeatable layout families"", ""portable_contracts"": ""pptxlib currently indexes 13 portable contracts separately from the 65 reviewed source-pattern templates"", ""references"": [""cmd/pptxtemplate/README.md"", ""cmd/pptxcomponent/README.md"", ""planning/DENSE_LAYOUT_GAPS.md"", ""planning/SHARED_GAPS_IMPLEMENTATION.md""]}"
t034-enablecomp-001,34,approach_narrative,"Opening narrative with deployed-AI context, adoption challenge and target performance head",framing_navigation,enablecomp:001,implemented,bindings_inspected,False,2,9,2,none declared,none declared,none in contract; source colors fixed,unsupported by this contract; source typeface/theme retained,copy within existing text/run/paragraph bindings only; bullet glyph/style/count fixed,"labels/copy editable where slot exists; source row/column count, sizing and positions fixed",fixed source item/object count; no add/remove/repeat API,not exposed as semantic geometry; source connectors/lines/arrows are fixed or disclosed opaque artwork,text labels editable where present; shape position/data/scale/visual indicator fixed unless explicitly declared as RGB/text binding,not a timeline pattern; source geometry remains fixed,"[""EnableComp logo and abstract cover artwork remain source assets identifying the original client.""]","[""Fixed source geometry; longer replacement text may not fit."", ""Source graphics are preserved and may retain source-specific visual context."", ""No claims of native fit, reflow, or visual qualification."", ""Client-specific logo remains visible in the source cover.""]",dynamic source-native reflow/count changes; font roles; editable connector/indicator geometry or data as applicable,"{""color"": ""section/brand accent"", ""fonts"": ""title/subtitle/metadata hierarchy"", ""bullets"": ""opening points or agenda items"", ""rows"": ""agenda/navigation items"", ""columns"": ""contents/decision panels"", ""items"": ""section count, agenda count"", ""connectors"": ""navigation links where present"", ""indicators"": ""section number and stage marker"", ""timeline"": ""agenda durations if shown""}",0,"{""fixed_pattern_reuse"": ""pptxtemplate inspect/build-review for the 65 hash-pinned source contracts; pptxcomponent check/apply for exposed text and declared color bindings"", ""new_geometry_or_dynamic_counts"": ""pptxcompose spec and its fit/probe/build workflow; this route still needs purpose-built primitives for native tables, richer connectors, and repeatable layout families"", ""portable_contracts"": ""pptxlib currently indexes 13 portable contracts separately from the 65 reviewed source-pattern templates"", ""references"": [""cmd/pptxtemplate/README.md"", ""cmd/pptxcomponent/README.md"", ""planning/DENSE_LAYOUT_GAPS.md"", ""planning/SHARED_GAPS_IMPLEMENTATION.md""]}"
t035-graphics-and-layouts-003,35,approach_narrative,Two equal columns with dark header bars and pale body panels,narrative,graphics-and-layouts:003,implemented,bindings_inspected,False,5,5,5,none declared,none declared,none in contract; source colors fixed,unsupported by this contract; source typeface/theme retained,copy within existing text/run/paragraph bindings only; bullet glyph/style/count fixed,"labels/copy editable where slot exists; source row/column count, sizing and positions fixed",fixed source item/object count; no add/remove/repeat API,not exposed as semantic geometry; source connectors/lines/arrows are fixed or disclosed opaque artwork,text labels editable where present; shape position/data/scale/visual indicator fixed unless explicitly declared as RGB/text binding,not a timeline pattern; source geometry remains fixed,"[""Two dark headers and shaded body panels are fixed source shapes.""]","[""Fixed source geometry; longer replacement text may not fit."", ""Source graphics are preserved and may retain source-specific visual context."", ""No claims of native fit, reflow, or visual qualification.""]",dynamic source-native reflow/count changes; font roles; editable connector/indicator geometry or data as applicable,"{""color"": ""emphasis/surface/foreground pairs"", ""fonts"": ""headline, subhead, body hierarchy"", ""bullets"": ""paragraph/bullet count per field"", ""rows"": ""content modules"", ""columns"": ""card/column count"", ""items"": ""content card count"", ""connectors"": ""cycle/sequence arrows if present"", ""indicators"": ""callout statistic or pull quote"", ""timeline"": ""n/a""}",0,"{""fixed_pattern_reuse"": ""pptxtemplate inspect/build-review for the 65 hash-pinned source contracts; pptxcomponent check/apply for exposed text and declared color bindings"", ""new_geometry_or_dynamic_counts"": ""pptxcompose spec and its fit/probe/build workflow; this route still needs purpose-built primitives for native tables, richer connectors, and repeatable layout families"", ""portable_contracts"": ""pptxlib currently indexes 13 portable contracts separately from the 65 reviewed source-pattern templates"", ""references"": [""cmd/pptxtemplate/README.md"", ""cmd/pptxcomponent/README.md"", ""planning/DENSE_LAYOUT_GAPS.md"", ""planning/SHARED_GAPS_IMPLEMENTATION.md""]}"
t036-graphics-and-layouts-019,36,evidence_people,Four shield-shaped icon banners with outcome text and a full-width key-message footer,outcomes_commercial,graphics-and-layouts:019,implemented,bindings_inspected,False,11,40,11,none declared,none declared,none in contract; source colors fixed,unsupported by this contract; source typeface/theme retained,copy within existing text/run/paragraph bindings only; bullet glyph/style/count fixed,"labels/copy editable where slot exists; source row/column count, sizing and positions fixed",fixed source item/object count; no add/remove/repeat API,not exposed as semantic geometry; source connectors/lines/arrows are fixed or disclosed opaque artwork,text labels editable where present; shape position/data/scale/visual indicator fixed unless explicitly declared as RGB/text binding,not a timeline pattern; source geometry remains fixed,"[""Shield/strategy icons, banner geometry, and outcome arrow remain fixed artwork.""]","[""Fixed text-binding cardinality; text flow and fit are not measured."", ""Source-only diagrams, charts, screenshots and their labels remain opaque unless specifically editable text slots."", ""Native rendering, visual fit, adaptation qualification, and application of example values have not been performed by this lane.""]",dynamic source-native reflow/count changes; font roles; editable connector/indicator geometry or data as applicable,"{""color"": ""metric type and outcome state"", ""fonts"": ""metric label/value/body hierarchy"", ""bullets"": ""support evidence per card"", ""rows"": ""metrics/benefit rows"", ""columns"": ""outcome cards"", ""items"": ""metric count and paired baselines"", ""connectors"": ""cause-to-result relation"", ""indicators"": ""value, unit, baseline/target, scale"", ""timeline"": ""time-to-value, period labels""}",0,"{""fixed_pattern_reuse"": ""pptxtemplate inspect/build-review for the 65 hash-pinned source contracts; pptxcomponent check/apply for exposed text and declared color bindings"", ""new_geometry_or_dynamic_counts"": ""pptxcompose spec and its fit/probe/build workflow; this route still needs purpose-built primitives for native tables, richer connectors, and repeatable layout families"", ""portable_contracts"": ""pptxlib currently indexes 13 portable contracts separately from the 65 reviewed source-pattern templates"", ""references"": [""cmd/pptxtemplate/README.md"", ""cmd/pptxcomponent/README.md"", ""planning/DENSE_LAYOUT_GAPS.md"", ""planning/SHARED_GAPS_IMPLEMENTATION.md""]}"
t037-software-modernization-049,37,architecture_product,"Shared foundation rail at left, stacked Build and Sustain blocks at right, then capability-status legend and takeaway",product_detail,software-modernization:049,implemented,bindings_inspected,False,22,22,22,none declared,none declared,none in contract; source colors fixed,unsupported by this contract; source typeface/theme retained,copy within existing text/run/paragraph bindings only; bullet glyph/style/count fixed,"labels/copy editable where slot exists; source row/column count, sizing and positions fixed",fixed source item/object count; no add/remove/repeat API,not exposed as semantic geometry; source connectors/lines/arrows are fixed or disclosed opaque artwork,text labels editable where present; shape position/data/scale/visual indicator fixed unless explicitly declared as RGB/text binding,not a timeline pattern; source geometry remains fixed,"[""All non-text source diagrams, connectors, product screenshots, icons, chart marks, logos, and process geometry remain unchanged; editable labels were adapted to describe their roles.""]","[""Fixed source geometry and exact text cardinality; native fit remains unmeasured."", ""No client outcome or testimonial claims are made by the illustrative example."", ""Non-text diagrams and images retain source-specific visual content where present.""]",dynamic source-native reflow/count changes; font roles; editable connector/indicator geometry or data as applicable,"{""color"": ""evidence/action/status distinction"", ""fonts"": ""heading/body hierarchy"", ""bullets"": ""evidence and action count per panel"", ""rows"": ""evidence rows or phases"", ""columns"": ""parallel action panels"", ""items"": ""panel/artifact count"", ""connectors"": ""evidence-to-action relationship"", ""indicators"": ""qualification/risk band and evidence state"", ""timeline"": ""stage order if phase-based""}",0,"{""fixed_pattern_reuse"": ""pptxtemplate inspect/build-review for the 65 hash-pinned source contracts; pptxcomponent check/apply for exposed text and declared color bindings"", ""new_geometry_or_dynamic_counts"": ""pptxcompose spec and its fit/probe/build workflow; this route still needs purpose-built primitives for native tables, richer connectors, and repeatable layout families"", ""portable_contracts"": ""pptxlib currently indexes 13 portable contracts separately from the 65 reviewed source-pattern templates"", ""references"": [""cmd/pptxtemplate/README.md"", ""cmd/pptxcomponent/README.md"", ""planning/DENSE_LAYOUT_GAPS.md"", ""planning/SHARED_GAPS_IMPLEMENTATION.md""]}"
t038-graphics-and-layouts-067,38,architecture_product,Challenges and products funnel into use cases and then outcomes,product_overview,graphics-and-layouts:067,implemented,bindings_inspected,False,14,17,14,none declared,none declared,none in contract; source colors fixed,unsupported by this contract; source typeface/theme retained,copy within existing text/run/paragraph bindings only; bullet glyph/style/count fixed,"labels/copy editable where slot exists; source row/column count, sizing and positions fixed",fixed source item/object count; no add/remove/repeat API,not exposed as semantic geometry; source connectors/lines/arrows are fixed or disclosed opaque artwork,text labels editable where present; shape position/data/scale/visual indicator fixed unless explicitly declared as RGB/text binding,not a timeline pattern; source geometry remains fixed,"[""Funnel/chevron bands are native shapes; exposed product, use case, challenge, and outcome labels are editable text.""]","[""Fixed source geometry and binding cardinality; no dynamic reflow or variable item count."", ""Text fit is not measured; native PowerPoint fit and visual QA remain pending."", ""Illustrative planning copy coexists with disclosed original labels, logos, and diagrams; review retained source facts before client use.""]",dynamic source-native reflow/count changes; font roles; editable connector/indicator geometry or data as applicable,"{""color"": ""product/platform/channel color roles"", ""fonts"": ""title, product name and body hierarchy"", ""bullets"": ""benefit/features per card and exact bullet count"", ""rows"": ""step/benefit groups"", ""columns"": ""products, integrations, feature cards"", ""items"": ""feature/card count and order"", ""connectors"": ""input-to-platform-to-outcome links"", ""indicators"": ""benefit/metric emphasis"", ""timeline"": ""n/a""}",0,"{""fixed_pattern_reuse"": ""pptxtemplate inspect/build-review for the 65 hash-pinned source contracts; pptxcomponent check/apply for exposed text and declared color bindings"", ""new_geometry_or_dynamic_counts"": ""pptxcompose spec and its fit/probe/build workflow; this route still needs purpose-built primitives for native tables, richer connectors, and repeatable layout families"", ""portable_contracts"": ""pptxlib currently indexes 13 portable contracts separately from the 65 reviewed source-pattern templates"", ""references"": [""cmd/pptxtemplate/README.md"", ""cmd/pptxcomponent/README.md"", ""planning/DENSE_LAYOUT_GAPS.md"", ""planning/SHARED_GAPS_IMPLEMENTATION.md""]}"
t039-uhg-038,39,approach_narrative,"Roadmap swimlane with month scale, phases, workstreams and milestones.",roadmap,uhg:038,implemented,bindings_inspected,False,13,39,13,none declared,none declared,none in contract; source colors fixed,unsupported by this contract; source typeface/theme retained,copy within existing text/run/paragraph bindings only; bullet glyph/style/count fixed,"labels/copy editable where slot exists; source row/column count, sizing and positions fixed",fixed source item/object count; no add/remove/repeat API,not exposed as semantic geometry; source connectors/lines/arrows are fixed or disclosed opaque artwork,text labels editable where present; shape position/data/scale/visual indicator fixed unless explicitly declared as RGB/text binding,fixed event/phase count and placement; text labels only where slots exist,"[""Month-scale cells, phase bars, hatch extensions, milestone stars, and governance band are fixed geometry.""]","[""Fixed source geometry; longer replacement text may not fit."", ""Source graphics are preserved and may retain source-specific visual context."", ""No claims of native fit, reflow, or visual qualification."", ""Timeline geometry and colored phase bars are fixed; changing timing labels alone does not move or resize them.""]",dynamic source-native reflow/count changes; font roles; editable connector/indicator geometry or data as applicable,"{""color"": ""phase, status, owner and milestone roles"", ""fonts"": ""period, phase, milestone and workstream hierarchy"", ""bullets"": ""work items per phase"", ""rows"": ""workstreams, dependencies, recurring governance"", ""columns"": ""period count, header labels and beyond-horizon column"", ""items"": ""phase/bar/milestone count"", ""connectors"": ""dependency lines, tails and handoffs"", ""indicators"": ""gates, active/inactive fills and status markers"", ""timeline"": ""period scale, duration, milestone position and cadence""}",0,"{""fixed_pattern_reuse"": ""pptxtemplate inspect/build-review for the 65 hash-pinned source contracts; pptxcomponent check/apply for exposed text and declared color bindings"", ""new_geometry_or_dynamic_counts"": ""pptxcompose spec and its fit/probe/build workflow; this route still needs purpose-built primitives for native tables, richer connectors, and repeatable layout families"", ""portable_contracts"": ""pptxlib currently indexes 13 portable contracts separately from the 65 reviewed source-pattern templates"", ""references"": [""cmd/pptxtemplate/README.md"", ""cmd/pptxcomponent/README.md"", ""planning/DENSE_LAYOUT_GAPS.md"", ""planning/SHARED_GAPS_IMPLEMENTATION.md""]}"
t040-graphics-and-layouts-038,40,evidence_people,Simple hierarchy chart with leader nodes and side callout descriptions,team_credentials,graphics-and-layouts:038,implemented,bindings_inspected,False,14,18,14,none declared,none declared,none in contract; source colors fixed,unsupported by this contract; source typeface/theme retained,copy within existing text/run/paragraph bindings only; bullet glyph/style/count fixed,"labels/copy editable where slot exists; source row/column count, sizing and positions fixed",fixed source item/object count; no add/remove/repeat API,not exposed as semantic geometry; source connectors/lines/arrows are fixed or disclosed opaque artwork,text labels editable where present; shape position/data/scale/visual indicator fixed unless explicitly declared as RGB/text binding,not a timeline pattern; source geometry remains fixed,"[""Hierarchy connectors, subject-matter expert grouping band, and box geometry remain fixed.""]","[""Fixed text-binding cardinality; text flow and fit are not measured."", ""Source-only diagrams, charts, screenshots and their labels remain opaque unless specifically editable text slots."", ""Native rendering, visual fit, adaptation qualification, and application of example values have not been performed by this lane.""]",dynamic source-native reflow/count changes; font roles; editable connector/indicator geometry or data as applicable,"{""color"": ""role/pod/ownership distinctions"", ""fonts"": ""role/name/responsibility hierarchy"", ""bullets"": ""role responsibilities per box"", ""rows"": ""role definitions and responsibility rows"", ""columns"": ""pods, workstreams and matrix axes"", ""items"": ""roles, pods, leaders and SME count"", ""connectors"": ""reporting lines and matrix responsibility"", ""indicators"": ""allocation percent, owner, RACI or time commitment"", ""timeline"": ""staffing ramp or transition if shown""}",0,"{""fixed_pattern_reuse"": ""pptxtemplate inspect/build-review for the 65 hash-pinned source contracts; pptxcomponent check/apply for exposed text and declared color bindings"", ""new_geometry_or_dynamic_counts"": ""pptxcompose spec and its fit/probe/build workflow; this route still needs purpose-built primitives for native tables, richer connectors, and repeatable layout families"", ""portable_contracts"": ""pptxlib currently indexes 13 portable contracts separately from the 65 reviewed source-pattern templates"", ""references"": [""cmd/pptxtemplate/README.md"", ""cmd/pptxcomponent/README.md"", ""planning/DENSE_LAYOUT_GAPS.md"", ""planning/SHARED_GAPS_IMPLEMENTATION.md""]}"
t041-uhg-014,41,architecture_product,Detailed component map beside explanatory bullets and a miniature overview,technical_architecture,uhg:014,implemented,bindings_inspected,False,8,14,3,none declared,none declared,none in contract; source colors fixed,unsupported by this contract; source typeface/theme retained,copy within existing text/run/paragraph bindings only; bullet glyph/style/count fixed,"labels/copy editable where slot exists; source row/column count, sizing and positions fixed",fixed source item/object count; no add/remove/repeat API,not exposed as semantic geometry; source connectors/lines/arrows are fixed or disclosed opaque artwork,text labels editable where present; shape position/data/scale/visual indicator fixed unless explicitly declared as RGB/text binding,not a timeline pattern; source geometry remains fixed,"[""Detailed architecture map and miniature overview are retained source graphics; six architecture explanation blocks are editable.""]","[""Fixed source geometry and binding cardinality; no dynamic reflow or variable item count."", ""Text fit is not measured; native PowerPoint fit and visual QA remain pending."", ""Illustrative planning copy coexists with disclosed original labels, logos, and diagrams; review retained source facts before client use.""]",dynamic source-native reflow/count changes; font roles; editable connector/indicator geometry or data as applicable,"{""color"": ""layer/type/security-boundary roles"", ""fonts"": ""component/interface/callout hierarchy"", ""bullets"": ""integration/proof points per area"", ""rows"": ""architecture layers"", ""columns"": ""systems, channels, data stores and alternatives"", ""items"": ""component/service count"", ""connectors"": ""direction, protocol, dependency and boundary crossings"", ""indicators"": ""trust/security, criticality and readiness markers"", ""timeline"": ""n/a unless migration waves shown""}",0,"{""fixed_pattern_reuse"": ""pptxtemplate inspect/build-review for the 65 hash-pinned source contracts; pptxcomponent check/apply for exposed text and declared color bindings"", ""new_geometry_or_dynamic_counts"": ""pptxcompose spec and its fit/probe/build workflow; this route still needs purpose-built primitives for native tables, richer connectors, and repeatable layout families"", ""portable_contracts"": ""pptxlib currently indexes 13 portable contracts separately from the 65 reviewed source-pattern templates"", ""references"": [""cmd/pptxtemplate/README.md"", ""cmd/pptxcomponent/README.md"", ""planning/DENSE_LAYOUT_GAPS.md"", ""planning/SHARED_GAPS_IMPLEMENTATION.md""]}"
t042-graphics-and-layouts-053,42,evidence_people,"Six large circles in a horizontal sequence, alternating fill colors with icons and captions",visual_storytelling,graphics-and-layouts:053,implemented,bindings_inspected,False,13,13,13,none declared,none declared,none in contract; source colors fixed,unsupported by this contract; source typeface/theme retained,copy within existing text/run/paragraph bindings only; bullet glyph/style/count fixed,"labels/copy editable where slot exists; source row/column count, sizing and positions fixed",fixed source item/object count; no add/remove/repeat API,not exposed as semantic geometry; source connectors/lines/arrows are fixed or disclosed opaque artwork,text labels editable where present; shape position/data/scale/visual indicator fixed unless explicitly declared as RGB/text binding,not a timeline pattern; source geometry remains fixed,"[""Circle shapes, icons, and sequence geometry remain fixed source artwork.""]","[""Fixed text-binding cardinality; text flow and fit are not measured."", ""Source-only diagrams, charts, screenshots and their labels remain opaque unless specifically editable text slots."", ""Native rendering, visual fit, adaptation qualification, and application of example values have not been performed by this lane.""]",dynamic source-native reflow/count changes; font roles; editable connector/indicator geometry or data as applicable,"{""color"": ""caption/highlight consistency"", ""fonts"": ""caption/callout/label hierarchy"", ""bullets"": ""captions/quote count"", ""rows"": ""story/artifact sequence"", ""columns"": ""image/quote/metric arrangement"", ""items"": ""image, quote and artifact count/order"", ""connectors"": ""story sequence/annotation pointers"", ""indicators"": ""number badges/metric overlays"", ""timeline"": ""milestone/photo sequence if present""}",0,"{""fixed_pattern_reuse"": ""pptxtemplate inspect/build-review for the 65 hash-pinned source contracts; pptxcomponent check/apply for exposed text and declared color bindings"", ""new_geometry_or_dynamic_counts"": ""pptxcompose spec and its fit/probe/build workflow; this route still needs purpose-built primitives for native tables, richer connectors, and repeatable layout families"", ""portable_contracts"": ""pptxlib currently indexes 13 portable contracts separately from the 65 reviewed source-pattern templates"", ""references"": [""cmd/pptxtemplate/README.md"", ""cmd/pptxcomponent/README.md"", ""planning/DENSE_LAYOUT_GAPS.md"", ""planning/SHARED_GAPS_IMPLEMENTATION.md""]}"
t043-graphics-and-layouts-044,43,approach_narrative,"Phase detail page with objective, commitment metrics, activities, deliverables, accelerators, and value strip",approach_delivery,graphics-and-layouts:044,implemented,bindings_inspected,False,3,30,3,none declared,none declared,none in contract; source colors fixed,unsupported by this contract; source typeface/theme retained,copy within existing text/run/paragraph bindings only; bullet glyph/style/count fixed,"labels/copy editable where slot exists; source row/column count, sizing and positions fixed",fixed source item/object count; no add/remove/repeat API,not exposed as semantic geometry; source connectors/lines/arrows are fixed or disclosed opaque artwork,text labels editable where present; shape position/data/scale/visual indicator fixed unless explicitly declared as RGB/text binding,not a timeline pattern; source geometry remains fixed,"[""Commitment colors, three-column grid, value strip, and thumbnail placeholder are fixed source shapes.""]","[""Fixed source geometry; longer replacement text may not fit."", ""Source graphics are preserved and may retain source-specific visual context."", ""No claims of native fit, reflow, or visual qualification.""]",dynamic source-native reflow/count changes; font roles; editable connector/indicator geometry or data as applicable,"{""color"": ""phase/status and gate states"", ""fonts"": ""phase title/body/decision hierarchy"", ""bullets"": ""activities per phase"", ""rows"": ""parallel tracks or workstreams"", ""columns"": ""phase count and objective/deliverable slots"", ""items"": ""phase/gate count"", ""connectors"": ""phase-to-phase arrows and handoffs"", ""indicators"": ""decision gates and completion cues"", ""timeline"": ""duration, sequence, milestones""}",0,"{""fixed_pattern_reuse"": ""pptxtemplate inspect/build-review for the 65 hash-pinned source contracts; pptxcomponent check/apply for exposed text and declared color bindings"", ""new_geometry_or_dynamic_counts"": ""pptxcompose spec and its fit/probe/build workflow; this route still needs purpose-built primitives for native tables, richer connectors, and repeatable layout families"", ""portable_contracts"": ""pptxlib currently indexes 13 portable contracts separately from the 65 reviewed source-pattern templates"", ""references"": [""cmd/pptxtemplate/README.md"", ""cmd/pptxcomponent/README.md"", ""planning/DENSE_LAYOUT_GAPS.md"", ""planning/SHARED_GAPS_IMPLEMENTATION.md""]}"
t044-software-modernization-019,44,architecture_product,"Three pillar columns for people, process, and technology with supporting bullets and value footers",business_architecture,software-modernization:019,implemented,bindings_inspected,False,18,18,18,none declared,none declared,none in contract; source colors fixed,unsupported by this contract; source typeface/theme retained,copy within existing text/run/paragraph bindings only; bullet glyph/style/count fixed,"labels/copy editable where slot exists; source row/column count, sizing and positions fixed",fixed source item/object count; no add/remove/repeat API,not exposed as semantic geometry; source connectors/lines/arrows are fixed or disclosed opaque artwork,text labels editable where present; shape position/data/scale/visual indicator fixed unless explicitly declared as RGB/text binding,not a timeline pattern; source geometry remains fixed,"[""Three pillar icon marks and connector arrows are source artwork; pillar headings, leads, bullet copy, and callouts are editable.""]","[""Fixed source geometry and binding cardinality; no dynamic reflow or variable item count."", ""Text fit is not measured; native PowerPoint fit and visual QA remain pending."", ""Illustrative planning copy coexists with disclosed original labels, logos, and diagrams; review retained source facts before client use.""]",dynamic source-native reflow/count changes; font roles; editable connector/indicator geometry or data as applicable,"{""color"": ""domain/status/actor families"", ""fonts"": ""row label/body hierarchy"", ""bullets"": ""supporting bullets per row/cell"", ""rows"": ""actors, capabilities, work steps"", ""columns"": ""domain/platform/role axes"", ""items"": ""capability and component count"", ""connectors"": ""dependencies and flow direction"", ""indicators"": ""risk/value/gauge thresholds"", ""timeline"": ""n/a unless stages are explicit""}",0,"{""fixed_pattern_reuse"": ""pptxtemplate inspect/build-review for the 65 hash-pinned source contracts; pptxcomponent check/apply for exposed text and declared color bindings"", ""new_geometry_or_dynamic_counts"": ""pptxcompose spec and its fit/probe/build workflow; this route still needs purpose-built primitives for native tables, richer connectors, and repeatable layout families"", ""portable_contracts"": ""pptxlib currently indexes 13 portable contracts separately from the 65 reviewed source-pattern templates"", ""references"": [""cmd/pptxtemplate/README.md"", ""cmd/pptxcomponent/README.md"", ""planning/DENSE_LAYOUT_GAPS.md"", ""planning/SHARED_GAPS_IMPLEMENTATION.md""]}"
t045-graphics-and-layouts-045,45,evidence_people,Five-row evidence comparison with qualitative columns and left-side gauge indicators,comparison_evidence,graphics-and-layouts:045,implemented,bindings_inspected,False,37,41,14,none declared,none declared,none in contract; source colors fixed,unsupported by this contract; source typeface/theme retained,copy within existing text/run/paragraph bindings only; bullet glyph/style/count fixed,"labels/copy editable where slot exists; source row/column count, sizing and positions fixed",fixed source item/object count; no add/remove/repeat API,not exposed as semantic geometry; source connectors/lines/arrows are fixed or disclosed opaque artwork,text labels editable where present; shape position/data/scale/visual indicator fixed unless explicitly declared as RGB/text binding,not a timeline pattern; source geometry remains fixed,"[""Gauge indicators, filled rating bands, qualitative scale, and table layout are opaque source data visuals; changed row labels do not change the original gauge ratings.""]","[""Fixed text-binding cardinality; text flow and fit are not measured."", ""Source-only diagrams, charts, screenshots and their labels remain opaque unless specifically editable text slots."", ""Native rendering, visual fit, adaptation qualification, and application of example values have not been performed by this lane."", ""Gauge needles and summary scale positions are retained source examples, not computed assessment results; worksheet copy is illustrative.""]",dynamic source-native reflow/count changes; font roles; editable connector/indicator geometry or data as applicable,"{""color"": ""criteria/status and data-series color"", ""fonts"": ""row/column headings and evidence notes"", ""bullets"": ""qualitative evidence count per cell"", ""rows"": ""criteria and alternative rows"", ""columns"": ""comparison options and evidence columns"", ""items"": ""number of alternatives/criteria"", ""connectors"": ""mapping from pain point to response"", ""indicators"": ""gauge scale, thresholds, current/target marker"", ""timeline"": ""n/a""}",0,"{""fixed_pattern_reuse"": ""pptxtemplate inspect/build-review for the 65 hash-pinned source contracts; pptxcomponent check/apply for exposed text and declared color bindings"", ""new_geometry_or_dynamic_counts"": ""pptxcompose spec and its fit/probe/build workflow; this route still needs purpose-built primitives for native tables, richer connectors, and repeatable layout families"", ""portable_contracts"": ""pptxlib currently indexes 13 portable contracts separately from the 65 reviewed source-pattern templates"", ""references"": [""cmd/pptxtemplate/README.md"", ""cmd/pptxcomponent/README.md"", ""planning/DENSE_LAYOUT_GAPS.md"", ""planning/SHARED_GAPS_IMPLEMENTATION.md""]}"
t046-uhg-002,46,approach_narrative,Two-column contents page,framing_navigation,uhg:002,implemented,bindings_inspected,False,2,20,2,none declared,none declared,none in contract; source colors fixed,unsupported by this contract; source typeface/theme retained,copy within existing text/run/paragraph bindings only; bullet glyph/style/count fixed,"labels/copy editable where slot exists; source row/column count, sizing and positions fixed",fixed source item/object count; no add/remove/repeat API,not exposed as semantic geometry; source connectors/lines/arrows are fixed or disclosed opaque artwork,text labels editable where present; shape position/data/scale/visual indicator fixed unless explicitly declared as RGB/text binding,not a timeline pattern; source geometry remains fixed,"[""Right-hand photograph, underline, and page layout remain source artwork.""]","[""Fixed source geometry; longer replacement text may not fit."", ""Source graphics are preserved and may retain source-specific visual context."", ""No claims of native fit, reflow, or visual qualification."", ""Example page numbers are illustrative labels and are not linked to generated pagination.""]",dynamic source-native reflow/count changes; font roles; editable connector/indicator geometry or data as applicable,"{""color"": ""section/brand accent"", ""fonts"": ""title/subtitle/metadata hierarchy"", ""bullets"": ""opening points or agenda items"", ""rows"": ""agenda/navigation items"", ""columns"": ""contents/decision panels"", ""items"": ""section count, agenda count"", ""connectors"": ""navigation links where present"", ""indicators"": ""section number and stage marker"", ""timeline"": ""agenda durations if shown""}",0,"{""fixed_pattern_reuse"": ""pptxtemplate inspect/build-review for the 65 hash-pinned source contracts; pptxcomponent check/apply for exposed text and declared color bindings"", ""new_geometry_or_dynamic_counts"": ""pptxcompose spec and its fit/probe/build workflow; this route still needs purpose-built primitives for native tables, richer connectors, and repeatable layout families"", ""portable_contracts"": ""pptxlib currently indexes 13 portable contracts separately from the 65 reviewed source-pattern templates"", ""references"": [""cmd/pptxtemplate/README.md"", ""cmd/pptxcomponent/README.md"", ""planning/DENSE_LAYOUT_GAPS.md"", ""planning/SHARED_GAPS_IMPLEMENTATION.md""]}"
t047-graphics-and-layouts-004,47,approach_narrative,"Three equal icon cards with dark header, magenta icon, and light body",narrative,graphics-and-layouts:004,implemented,bindings_inspected,False,7,10,7,none declared,none declared,none in contract; source colors fixed,unsupported by this contract; source typeface/theme retained,copy within existing text/run/paragraph bindings only; bullet glyph/style/count fixed,"labels/copy editable where slot exists; source row/column count, sizing and positions fixed",fixed source item/object count; no add/remove/repeat API,not exposed as semantic geometry; source connectors/lines/arrows are fixed or disclosed opaque artwork,text labels editable where present; shape position/data/scale/visual indicator fixed unless explicitly declared as RGB/text binding,not a timeline pattern; source geometry remains fixed,"[""Three magenta icons and card backgrounds are fixed source artwork.""]","[""Fixed source geometry; longer replacement text may not fit."", ""Source graphics are preserved and may retain source-specific visual context."", ""No claims of native fit, reflow, or visual qualification.""]",dynamic source-native reflow/count changes; font roles; editable connector/indicator geometry or data as applicable,"{""color"": ""emphasis/surface/foreground pairs"", ""fonts"": ""headline, subhead, body hierarchy"", ""bullets"": ""paragraph/bullet count per field"", ""rows"": ""content modules"", ""columns"": ""card/column count"", ""items"": ""content card count"", ""connectors"": ""cycle/sequence arrows if present"", ""indicators"": ""callout statistic or pull quote"", ""timeline"": ""n/a""}",0,"{""fixed_pattern_reuse"": ""pptxtemplate inspect/build-review for the 65 hash-pinned source contracts; pptxcomponent check/apply for exposed text and declared color bindings"", ""new_geometry_or_dynamic_counts"": ""pptxcompose spec and its fit/probe/build workflow; this route still needs purpose-built primitives for native tables, richer connectors, and repeatable layout families"", ""portable_contracts"": ""pptxlib currently indexes 13 portable contracts separately from the 65 reviewed source-pattern templates"", ""references"": [""cmd/pptxtemplate/README.md"", ""cmd/pptxcomponent/README.md"", ""planning/DENSE_LAYOUT_GAPS.md"", ""planning/SHARED_GAPS_IMPLEMENTATION.md""]}"
t048-software-modernization-015,48,evidence_people,Two explanatory text columns connected by dotted arrow to oversized failure-rate statistic card,outcomes_commercial,software-modernization:015,implemented,bindings_inspected,False,6,17,6,none declared,none declared,none in contract; source colors fixed,unsupported by this contract; source typeface/theme retained,copy within existing text/run/paragraph bindings only; bullet glyph/style/count fixed,"labels/copy editable where slot exists; source row/column count, sizing and positions fixed",fixed source item/object count; no add/remove/repeat API,not exposed as semantic geometry; source connectors/lines/arrows are fixed or disclosed opaque artwork,text labels editable where present; shape position/data/scale/visual indicator fixed unless explicitly declared as RGB/text binding,not a timeline pattern; source geometry remains fixed,"[""Dotted connector, icons, oversized statistic-card geometry, and background remain fixed; editable statistic text was replaced with an unquantified placeholder.""]","[""Fixed text-binding cardinality; text flow and fit are not measured."", ""Source-only diagrams, charts, screenshots and their labels remain opaque unless specifically editable text slots."", ""Native rendering, visual fit, adaptation qualification, and application of example values have not been performed by this lane."", ""The fixed oversized statistic card is designed for a short figure; TBD marks the measure as unvalidated.""]",dynamic source-native reflow/count changes; font roles; editable connector/indicator geometry or data as applicable,"{""color"": ""metric type and outcome state"", ""fonts"": ""metric label/value/body hierarchy"", ""bullets"": ""support evidence per card"", ""rows"": ""metrics/benefit rows"", ""columns"": ""outcome cards"", ""items"": ""metric count and paired baselines"", ""connectors"": ""cause-to-result relation"", ""indicators"": ""value, unit, baseline/target, scale"", ""timeline"": ""time-to-value, period labels""}",0,"{""fixed_pattern_reuse"": ""pptxtemplate inspect/build-review for the 65 hash-pinned source contracts; pptxcomponent check/apply for exposed text and declared color bindings"", ""new_geometry_or_dynamic_counts"": ""pptxcompose spec and its fit/probe/build workflow; this route still needs purpose-built primitives for native tables, richer connectors, and repeatable layout families"", ""portable_contracts"": ""pptxlib currently indexes 13 portable contracts separately from the 65 reviewed source-pattern templates"", ""references"": [""cmd/pptxtemplate/README.md"", ""cmd/pptxcomponent/README.md"", ""planning/DENSE_LAYOUT_GAPS.md"", ""planning/SHARED_GAPS_IMPLEMENTATION.md""]}"
t049-enablecomp-035,49,approach_narrative,Week-by-week workplan matrix with phase rows and recurring governance band.,roadmap,enablecomp:035,implemented,bindings_inspected,False,4,16,4,none declared,none declared,none in contract; source colors fixed,unsupported by this contract; source typeface/theme retained,copy within existing text/run/paragraph bindings only; bullet glyph/style/count fixed,"labels/copy editable where slot exists; source row/column count, sizing and positions fixed",fixed source item/object count; no add/remove/repeat API,not exposed as semantic geometry; source connectors/lines/arrows are fixed or disclosed opaque artwork,text labels editable where present; shape position/data/scale/visual indicator fixed unless explicitly declared as RGB/text binding,fixed event/phase count and placement; text labels only where slots exist,"[""Blue schedule cells and recurring-governance row are fixed geometry.""]","[""Fixed source geometry; longer replacement text may not fit."", ""Source graphics are preserved and may retain source-specific visual context."", ""No claims of native fit, reflow, or visual qualification."", ""Timeline geometry and colored phase bars are fixed; changing timing labels alone does not move or resize them.""]",dynamic source-native reflow/count changes; font roles; editable connector/indicator geometry or data as applicable,"{""color"": ""phase, status, owner and milestone roles"", ""fonts"": ""period, phase, milestone and workstream hierarchy"", ""bullets"": ""work items per phase"", ""rows"": ""workstreams, dependencies, recurring governance"", ""columns"": ""period count, header labels and beyond-horizon column"", ""items"": ""phase/bar/milestone count"", ""connectors"": ""dependency lines, tails and handoffs"", ""indicators"": ""gates, active/inactive fills and status markers"", ""timeline"": ""period scale, duration, milestone position and cadence""}",0,"{""fixed_pattern_reuse"": ""pptxtemplate inspect/build-review for the 65 hash-pinned source contracts; pptxcomponent check/apply for exposed text and declared color bindings"", ""new_geometry_or_dynamic_counts"": ""pptxcompose spec and its fit/probe/build workflow; this route still needs purpose-built primitives for native tables, richer connectors, and repeatable layout families"", ""portable_contracts"": ""pptxlib currently indexes 13 portable contracts separately from the 65 reviewed source-pattern templates"", ""references"": [""cmd/pptxtemplate/README.md"", ""cmd/pptxcomponent/README.md"", ""planning/DENSE_LAYOUT_GAPS.md"", ""planning/SHARED_GAPS_IMPLEMENTATION.md""]}"
t050-graphics-and-layouts-039,50,evidence_people,Future-state org chart with differentiated role boxes and legend,team_credentials,graphics-and-layouts:039,implemented,bindings_inspected,False,16,16,16,none declared,none declared,none in contract; source colors fixed,unsupported by this contract; source typeface/theme retained,copy within existing text/run/paragraph bindings only; bullet glyph/style/count fixed,"labels/copy editable where slot exists; source row/column count, sizing and positions fixed",fixed source item/object count; no add/remove/repeat API,not exposed as semantic geometry; source connectors/lines/arrows are fixed or disclosed opaque artwork,text labels editable where present; shape position/data/scale/visual indicator fixed unless explicitly declared as RGB/text binding,not a timeline pattern; source geometry remains fixed,"[""Hierarchy connector layout and existing/future/committee visual encoding remain fixed.""]","[""Fixed text-binding cardinality; text flow and fit are not measured."", ""Source-only diagrams, charts, screenshots and their labels remain opaque unless specifically editable text slots."", ""Native rendering, visual fit, adaptation qualification, and application of example values have not been performed by this lane.""]",dynamic source-native reflow/count changes; font roles; editable connector/indicator geometry or data as applicable,"{""color"": ""role/pod/ownership distinctions"", ""fonts"": ""role/name/responsibility hierarchy"", ""bullets"": ""role responsibilities per box"", ""rows"": ""role definitions and responsibility rows"", ""columns"": ""pods, workstreams and matrix axes"", ""items"": ""roles, pods, leaders and SME count"", ""connectors"": ""reporting lines and matrix responsibility"", ""indicators"": ""allocation percent, owner, RACI or time commitment"", ""timeline"": ""staffing ramp or transition if shown""}",0,"{""fixed_pattern_reuse"": ""pptxtemplate inspect/build-review for the 65 hash-pinned source contracts; pptxcomponent check/apply for exposed text and declared color bindings"", ""new_geometry_or_dynamic_counts"": ""pptxcompose spec and its fit/probe/build workflow; this route still needs purpose-built primitives for native tables, richer connectors, and repeatable layout families"", ""portable_contracts"": ""pptxlib currently indexes 13 portable contracts separately from the 65 reviewed source-pattern templates"", ""references"": [""cmd/pptxtemplate/README.md"", ""cmd/pptxcomponent/README.md"", ""planning/DENSE_LAYOUT_GAPS.md"", ""planning/SHARED_GAPS_IMPLEMENTATION.md""]}"
t051-uhg-025,51,architecture_product,Three-column table comparing alternative end-to-end technical platform patterns.,technical_architecture,uhg:025,implemented,bindings_inspected,False,4,37,4,none declared,none declared,none in contract; source colors fixed,unsupported by this contract; source typeface/theme retained,copy within existing text/run/paragraph bindings only; bullet glyph/style/count fixed,"labels/copy editable where slot exists; source row/column count, sizing and positions fixed",fixed source item/object count; no add/remove/repeat API,not exposed as semantic geometry; source connectors/lines/arrows are fixed or disclosed opaque artwork,text labels editable where present; shape position/data/scale/visual indicator fixed unless explicitly declared as RGB/text binding,not a timeline pattern; source geometry remains fixed,"[""Snowflake, Databricks, and Fabric marks are fixed source artwork; text remains editable but the pattern names must remain aligned with those marks.""]","[""Fixed source geometry and binding cardinality; no dynamic reflow or variable item count."", ""Editable example copy is illustrative and has not been natively fit or visually qualified after these edits."", ""Retained source logos, branded diagrams, and source-specific claims require review before client use.""]",dynamic source-native reflow/count changes; font roles; editable connector/indicator geometry or data as applicable,"{""color"": ""layer/type/security-boundary roles"", ""fonts"": ""component/interface/callout hierarchy"", ""bullets"": ""integration/proof points per area"", ""rows"": ""architecture layers"", ""columns"": ""systems, channels, data stores and alternatives"", ""items"": ""component/service count"", ""connectors"": ""direction, protocol, dependency and boundary crossings"", ""indicators"": ""trust/security, criticality and readiness markers"", ""timeline"": ""n/a unless migration waves shown""}",0,"{""fixed_pattern_reuse"": ""pptxtemplate inspect/build-review for the 65 hash-pinned source contracts; pptxcomponent check/apply for exposed text and declared color bindings"", ""new_geometry_or_dynamic_counts"": ""pptxcompose spec and its fit/probe/build workflow; this route still needs purpose-built primitives for native tables, richer connectors, and repeatable layout families"", ""portable_contracts"": ""pptxlib currently indexes 13 portable contracts separately from the 65 reviewed source-pattern templates"", ""references"": [""cmd/pptxtemplate/README.md"", ""cmd/pptxcomponent/README.md"", ""planning/DENSE_LAYOUT_GAPS.md"", ""planning/SHARED_GAPS_IMPLEMENTATION.md""]}"
t052-uhg-056,52,evidence_people,Case study with narrative and a collage of interface/pipeline/code screenshots.,visual_storytelling,uhg:056,implemented,bindings_inspected,False,4,9,4,none declared,none declared,none in contract; source colors fixed,unsupported by this contract; source typeface/theme retained,copy within existing text/run/paragraph bindings only; bullet glyph/style/count fixed,"labels/copy editable where slot exists; source row/column count, sizing and positions fixed",fixed source item/object count; no add/remove/repeat API,not exposed as semantic geometry; source connectors/lines/arrows are fixed or disclosed opaque artwork,text labels editable where present; shape position/data/scale/visual indicator fixed unless explicitly declared as RGB/text binding,not a timeline pattern; source geometry remains fixed,"[""Pipeline interface, code, configuration and dashboard screenshots are opaque source images and may retain identifiable client or source-system information.""]","[""Fixed text-binding cardinality; text flow and fit are not measured."", ""Source-only diagrams, charts, screenshots and their labels remain opaque unless specifically editable text slots."", ""Native rendering, visual fit, adaptation qualification, and application of example values have not been performed by this lane.""]",dynamic source-native reflow/count changes; font roles; editable connector/indicator geometry or data as applicable,"{""color"": ""caption/highlight consistency"", ""fonts"": ""caption/callout/label hierarchy"", ""bullets"": ""captions/quote count"", ""rows"": ""story/artifact sequence"", ""columns"": ""image/quote/metric arrangement"", ""items"": ""image, quote and artifact count/order"", ""connectors"": ""story sequence/annotation pointers"", ""indicators"": ""number badges/metric overlays"", ""timeline"": ""milestone/photo sequence if present""}",0,"{""fixed_pattern_reuse"": ""pptxtemplate inspect/build-review for the 65 hash-pinned source contracts; pptxcomponent check/apply for exposed text and declared color bindings"", ""new_geometry_or_dynamic_counts"": ""pptxcompose spec and its fit/probe/build workflow; this route still needs purpose-built primitives for native tables, richer connectors, and repeatable layout families"", ""portable_contracts"": ""pptxlib currently indexes 13 portable contracts separately from the 65 reviewed source-pattern templates"", ""references"": [""cmd/pptxtemplate/README.md"", ""cmd/pptxcomponent/README.md"", ""planning/DENSE_LAYOUT_GAPS.md"", ""planning/SHARED_GAPS_IMPLEMENTATION.md""]}"
t053-graphics-and-layouts-049,53,approach_narrative,Four-stage circular cycle at center with explanatory text columns to either side,approach_delivery,graphics-and-layouts:049,implemented,bindings_inspected,False,14,15,14,none declared,none declared,none in contract; source colors fixed,unsupported by this contract; source typeface/theme retained,copy within existing text/run/paragraph bindings only; bullet glyph/style/count fixed,"labels/copy editable where slot exists; source row/column count, sizing and positions fixed",fixed source item/object count; no add/remove/repeat API,not exposed as semantic geometry; source connectors/lines/arrows are fixed or disclosed opaque artwork,text labels editable where present; shape position/data/scale/visual indicator fixed unless explicitly declared as RGB/text binding,not a timeline pattern; source geometry remains fixed,"[""Cycle arrows and center circle are fixed source shapes.""]","[""Fixed source geometry; longer replacement text may not fit."", ""Source graphics are preserved and may retain source-specific visual context."", ""No claims of native fit, reflow, or visual qualification.""]",dynamic source-native reflow/count changes; font roles; editable connector/indicator geometry or data as applicable,"{""color"": ""phase/status and gate states"", ""fonts"": ""phase title/body/decision hierarchy"", ""bullets"": ""activities per phase"", ""rows"": ""parallel tracks or workstreams"", ""columns"": ""phase count and objective/deliverable slots"", ""items"": ""phase/gate count"", ""connectors"": ""phase-to-phase arrows and handoffs"", ""indicators"": ""decision gates and completion cues"", ""timeline"": ""duration, sequence, milestones""}",0,"{""fixed_pattern_reuse"": ""pptxtemplate inspect/build-review for the 65 hash-pinned source contracts; pptxcomponent check/apply for exposed text and declared color bindings"", ""new_geometry_or_dynamic_counts"": ""pptxcompose spec and its fit/probe/build workflow; this route still needs purpose-built primitives for native tables, richer connectors, and repeatable layout families"", ""portable_contracts"": ""pptxlib currently indexes 13 portable contracts separately from the 65 reviewed source-pattern templates"", ""references"": [""cmd/pptxtemplate/README.md"", ""cmd/pptxcomponent/README.md"", ""planning/DENSE_LAYOUT_GAPS.md"", ""planning/SHARED_GAPS_IMPLEMENTATION.md""]}"
t054-uhg-049,54,architecture_product,Healthcare ecosystem matrix pairing offerings with capabilities and client/platform logos.,business_architecture,uhg:049,implemented,bindings_inspected,False,13,74,13,none declared,none declared,none in contract; source colors fixed,unsupported by this contract; source typeface/theme retained,copy within existing text/run/paragraph bindings only; bullet glyph/style/count fixed,"labels/copy editable where slot exists; source row/column count, sizing and positions fixed",fixed source item/object count; no add/remove/repeat API,not exposed as semantic geometry; source connectors/lines/arrows are fixed or disclosed opaque artwork,text labels editable where present; shape position/data/scale/visual indicator fixed unless explicitly declared as RGB/text binding,not a timeline pattern; source geometry remains fixed,"[""Strategic partner and vendor logos, dotted arrow, highlight mark, and underlines are retained source artwork. Logo presence is a source design element and is not an endorsement or proof of a current relationship.""]","[""Fixed source geometry and binding cardinality; no dynamic reflow or variable item count."", ""Editable example copy is illustrative and has not been natively fit or visually qualified after these edits."", ""Retained source logos, branded diagrams, and source-specific claims require review before client use.""]",dynamic source-native reflow/count changes; font roles; editable connector/indicator geometry or data as applicable,"{""color"": ""domain/status/actor families"", ""fonts"": ""row label/body hierarchy"", ""bullets"": ""supporting bullets per row/cell"", ""rows"": ""actors, capabilities, work steps"", ""columns"": ""domain/platform/role axes"", ""items"": ""capability and component count"", ""connectors"": ""dependencies and flow direction"", ""indicators"": ""risk/value/gauge thresholds"", ""timeline"": ""n/a unless stages are explicit""}",0,"{""fixed_pattern_reuse"": ""pptxtemplate inspect/build-review for the 65 hash-pinned source contracts; pptxcomponent check/apply for exposed text and declared color bindings"", ""new_geometry_or_dynamic_counts"": ""pptxcompose spec and its fit/probe/build workflow; this route still needs purpose-built primitives for native tables, richer connectors, and repeatable layout families"", ""portable_contracts"": ""pptxlib currently indexes 13 portable contracts separately from the 65 reviewed source-pattern templates"", ""references"": [""cmd/pptxtemplate/README.md"", ""cmd/pptxcomponent/README.md"", ""planning/DENSE_LAYOUT_GAPS.md"", ""planning/SHARED_GAPS_IMPLEMENTATION.md""]}"
t055-software-modernization-004,55,evidence_people,Buy-versus-build comparison cards beside a three-part AI cost-reduction explanation,comparison_evidence,software-modernization:004,implemented,bindings_inspected,False,23,23,23,none declared,none declared,none in contract; source colors fixed,unsupported by this contract; source typeface/theme retained,copy within existing text/run/paragraph bindings only; bullet glyph/style/count fixed,"labels/copy editable where slot exists; source row/column count, sizing and positions fixed",fixed source item/object count; no add/remove/repeat API,not exposed as semantic geometry; source connectors/lines/arrows are fixed or disclosed opaque artwork,text labels editable where present; shape position/data/scale/visual indicator fixed unless explicitly declared as RGB/text binding,not a timeline pattern; source geometry remains fixed,"[""Comparison-card geometry and lifecycle strip remain source graphics; no editable numeric cost data is shown.""]","[""Fixed text-binding cardinality; text flow and fit are not measured."", ""Source-only diagrams, charts, screenshots and their labels remain opaque unless specifically editable text slots."", ""Native rendering, visual fit, adaptation qualification, and application of example values have not been performed by this lane.""]",dynamic source-native reflow/count changes; font roles; editable connector/indicator geometry or data as applicable,"{""color"": ""criteria/status and data-series color"", ""fonts"": ""row/column headings and evidence notes"", ""bullets"": ""qualitative evidence count per cell"", ""rows"": ""criteria and alternative rows"", ""columns"": ""comparison options and evidence columns"", ""items"": ""number of alternatives/criteria"", ""connectors"": ""mapping from pain point to response"", ""indicators"": ""gauge scale, thresholds, current/target marker"", ""timeline"": ""n/a""}",0,"{""fixed_pattern_reuse"": ""pptxtemplate inspect/build-review for the 65 hash-pinned source contracts; pptxcomponent check/apply for exposed text and declared color bindings"", ""new_geometry_or_dynamic_counts"": ""pptxcompose spec and its fit/probe/build workflow; this route still needs purpose-built primitives for native tables, richer connectors, and repeatable layout families"", ""portable_contracts"": ""pptxlib currently indexes 13 portable contracts separately from the 65 reviewed source-pattern templates"", ""references"": [""cmd/pptxtemplate/README.md"", ""cmd/pptxcomponent/README.md"", ""planning/DENSE_LAYOUT_GAPS.md"", ""planning/SHARED_GAPS_IMPLEMENTATION.md""]}"
t056-graphics-and-layouts-005,56,approach_narrative,Four equal icon cards in a two-by-two grid,narrative,graphics-and-layouts:005,implemented,bindings_inspected,False,9,13,9,none declared,none declared,none in contract; source colors fixed,unsupported by this contract; source typeface/theme retained,copy within existing text/run/paragraph bindings only; bullet glyph/style/count fixed,"labels/copy editable where slot exists; source row/column count, sizing and positions fixed",fixed source item/object count; no add/remove/repeat API,not exposed as semantic geometry; source connectors/lines/arrows are fixed or disclosed opaque artwork,text labels editable where present; shape position/data/scale/visual indicator fixed unless explicitly declared as RGB/text binding,not a timeline pattern; source geometry remains fixed,"[""Four magenta icons and card backgrounds are fixed source artwork.""]","[""Fixed source geometry; longer replacement text may not fit."", ""Source graphics are preserved and may retain source-specific visual context."", ""No claims of native fit, reflow, or visual qualification.""]",dynamic source-native reflow/count changes; font roles; editable connector/indicator geometry or data as applicable,"{""color"": ""emphasis/surface/foreground pairs"", ""fonts"": ""headline, subhead, body hierarchy"", ""bullets"": ""paragraph/bullet count per field"", ""rows"": ""content modules"", ""columns"": ""card/column count"", ""items"": ""content card count"", ""connectors"": ""cycle/sequence arrows if present"", ""indicators"": ""callout statistic or pull quote"", ""timeline"": ""n/a""}",0,"{""fixed_pattern_reuse"": ""pptxtemplate inspect/build-review for the 65 hash-pinned source contracts; pptxcomponent check/apply for exposed text and declared color bindings"", ""new_geometry_or_dynamic_counts"": ""pptxcompose spec and its fit/probe/build workflow; this route still needs purpose-built primitives for native tables, richer connectors, and repeatable layout families"", ""portable_contracts"": ""pptxlib currently indexes 13 portable contracts separately from the 65 reviewed source-pattern templates"", ""references"": [""cmd/pptxtemplate/README.md"", ""cmd/pptxcomponent/README.md"", ""planning/DENSE_LAYOUT_GAPS.md"", ""planning/SHARED_GAPS_IMPLEMENTATION.md""]}"
t057-graphics-and-layouts-006,57,evidence_people,Four vertical content cards above a full-width dark metrics callout,outcomes_commercial,graphics-and-layouts:006,implemented,bindings_inspected,False,10,15,10,none declared,none declared,none in contract; source colors fixed,unsupported by this contract; source typeface/theme retained,copy within existing text/run/paragraph bindings only; bullet glyph/style/count fixed,"labels/copy editable where slot exists; source row/column count, sizing and positions fixed",fixed source item/object count; no add/remove/repeat API,not exposed as semantic geometry; source connectors/lines/arrows are fixed or disclosed opaque artwork,text labels editable where present; shape position/data/scale/visual indicator fixed unless explicitly declared as RGB/text binding,not a timeline pattern; source geometry remains fixed,"[""Four-card layout and icons remain source artwork.""]","[""Fixed text-binding cardinality; text flow and fit are not measured."", ""Source-only diagrams, charts, screenshots and their labels remain opaque unless specifically editable text slots."", ""Native rendering, visual fit, adaptation qualification, and application of example values have not been performed by this lane.""]",dynamic source-native reflow/count changes; font roles; editable connector/indicator geometry or data as applicable,"{""color"": ""metric type and outcome state"", ""fonts"": ""metric label/value/body hierarchy"", ""bullets"": ""support evidence per card"", ""rows"": ""metrics/benefit rows"", ""columns"": ""outcome cards"", ""items"": ""metric count and paired baselines"", ""connectors"": ""cause-to-result relation"", ""indicators"": ""value, unit, baseline/target, scale"", ""timeline"": ""time-to-value, period labels""}",0,"{""fixed_pattern_reuse"": ""pptxtemplate inspect/build-review for the 65 hash-pinned source contracts; pptxcomponent check/apply for exposed text and declared color bindings"", ""new_geometry_or_dynamic_counts"": ""pptxcompose spec and its fit/probe/build workflow; this route still needs purpose-built primitives for native tables, richer connectors, and repeatable layout families"", ""portable_contracts"": ""pptxlib currently indexes 13 portable contracts separately from the 65 reviewed source-pattern templates"", ""references"": [""cmd/pptxtemplate/README.md"", ""cmd/pptxcomponent/README.md"", ""planning/DENSE_LAYOUT_GAPS.md"", ""planning/SHARED_GAPS_IMPLEMENTATION.md""]}"
t058-graphics-and-layouts-095,58,approach_narrative,Roadmap with milestones,roadmap,graphics-and-layouts:095,implemented,bindings_inspected,False,8,15,8,none declared,none declared,none in contract; source colors fixed,unsupported by this contract; source typeface/theme retained,copy within existing text/run/paragraph bindings only; bullet glyph/style/count fixed,"labels/copy editable where slot exists; source row/column count, sizing and positions fixed",fixed source item/object count; no add/remove/repeat API,not exposed as semantic geometry; source connectors/lines/arrows are fixed or disclosed opaque artwork,text labels editable where present; shape position/data/scale/visual indicator fixed unless explicitly declared as RGB/text binding,fixed event/phase count and placement; text labels only where slots exist,"[""Road path, milestone connectors, and icons are fixed source artwork.""]","[""Fixed source geometry; longer replacement text may not fit."", ""Source graphics are preserved and may retain source-specific visual context."", ""No claims of native fit, reflow, or visual qualification."", ""Timeline geometry and colored phase bars are fixed; changing timing labels alone does not move or resize them.""]",dynamic source-native reflow/count changes; font roles; editable connector/indicator geometry or data as applicable,"{""color"": ""phase, status, owner and milestone roles"", ""fonts"": ""period, phase, milestone and workstream hierarchy"", ""bullets"": ""work items per phase"", ""rows"": ""workstreams, dependencies, recurring governance"", ""columns"": ""period count, header labels and beyond-horizon column"", ""items"": ""phase/bar/milestone count"", ""connectors"": ""dependency lines, tails and handoffs"", ""indicators"": ""gates, active/inactive fills and status markers"", ""timeline"": ""period scale, duration, milestone position and cadence""}",0,"{""fixed_pattern_reuse"": ""pptxtemplate inspect/build-review for the 65 hash-pinned source contracts; pptxcomponent check/apply for exposed text and declared color bindings"", ""new_geometry_or_dynamic_counts"": ""pptxcompose spec and its fit/probe/build workflow; this route still needs purpose-built primitives for native tables, richer connectors, and repeatable layout families"", ""portable_contracts"": ""pptxlib currently indexes 13 portable contracts separately from the 65 reviewed source-pattern templates"", ""references"": [""cmd/pptxtemplate/README.md"", ""cmd/pptxcomponent/README.md"", ""planning/DENSE_LAYOUT_GAPS.md"", ""planning/SHARED_GAPS_IMPLEMENTATION.md""]}"
t059-software-modernization-026,59,evidence_people,Three-stage curve diagram showing provider staffing decreasing as client capability grows,team_credentials,software-modernization:026,implemented,bindings_inspected,False,13,27,13,none declared,none declared,none in contract; source colors fixed,unsupported by this contract; source typeface/theme retained,copy within existing text/run/paragraph bindings only; bullet glyph/style/count fixed,"labels/copy editable where slot exists; source row/column count, sizing and positions fixed",fixed source item/object count; no add/remove/repeat API,not exposed as semantic geometry; source connectors/lines/arrows are fixed or disclosed opaque artwork,text labels editable where present; shape position/data/scale/visual indicator fixed unless explicitly declared as RGB/text binding,not a timeline pattern; source geometry remains fixed,"[""Curve fills, line paths, phase separators, and axes are source geometry and do not quantify staffing.""]","[""Fixed text-binding cardinality; text flow and fit are not measured."", ""Source-only diagrams, charts, screenshots and their labels remain opaque unless specifically editable text slots."", ""Native rendering, visual fit, adaptation qualification, and application of example values have not been performed by this lane.""]",dynamic source-native reflow/count changes; font roles; editable connector/indicator geometry or data as applicable,"{""color"": ""role/pod/ownership distinctions"", ""fonts"": ""role/name/responsibility hierarchy"", ""bullets"": ""role responsibilities per box"", ""rows"": ""role definitions and responsibility rows"", ""columns"": ""pods, workstreams and matrix axes"", ""items"": ""roles, pods, leaders and SME count"", ""connectors"": ""reporting lines and matrix responsibility"", ""indicators"": ""allocation percent, owner, RACI or time commitment"", ""timeline"": ""staffing ramp or transition if shown""}",0,"{""fixed_pattern_reuse"": ""pptxtemplate inspect/build-review for the 65 hash-pinned source contracts; pptxcomponent check/apply for exposed text and declared color bindings"", ""new_geometry_or_dynamic_counts"": ""pptxcompose spec and its fit/probe/build workflow; this route still needs purpose-built primitives for native tables, richer connectors, and repeatable layout families"", ""portable_contracts"": ""pptxlib currently indexes 13 portable contracts separately from the 65 reviewed source-pattern templates"", ""references"": [""cmd/pptxtemplate/README.md"", ""cmd/pptxcomponent/README.md"", ""planning/DENSE_LAYOUT_GAPS.md"", ""planning/SHARED_GAPS_IMPLEMENTATION.md""]}"
t060-uhg-026,60,architecture_product,Reference architecture diagram on right with implementation proof points on left.,technical_architecture,uhg:026,implemented,bindings_inspected,False,41,59,41,none declared,none declared,none in contract; source colors fixed,unsupported by this contract; source typeface/theme retained,copy within existing text/run/paragraph bindings only; bullet glyph/style/count fixed,"labels/copy editable where slot exists; source row/column count, sizing and positions fixed",fixed source item/object count; no add/remove/repeat API,not exposed as semantic geometry; source connectors/lines/arrows are fixed or disclosed opaque artwork,text labels editable where present; shape position/data/scale/visual indicator fixed unless explicitly declared as RGB/text binding,not a timeline pattern; source geometry remains fixed,"[""Fabric reference architecture diagram, platform marks, icons, connectors, and faded source emphasis remain fixed artwork. Editable labels follow the source technical layout.""]","[""Fixed source geometry and binding cardinality; no dynamic reflow or variable item count."", ""Editable example copy is illustrative and has not been natively fit or visually qualified after these edits."", ""Retained source logos, branded diagrams, and source-specific claims require review before client use.""]",dynamic source-native reflow/count changes; font roles; editable connector/indicator geometry or data as applicable,"{""color"": ""layer/type/security-boundary roles"", ""fonts"": ""component/interface/callout hierarchy"", ""bullets"": ""integration/proof points per area"", ""rows"": ""architecture layers"", ""columns"": ""systems, channels, data stores and alternatives"", ""items"": ""component/service count"", ""connectors"": ""direction, protocol, dependency and boundary crossings"", ""indicators"": ""trust/security, criticality and readiness markers"", ""timeline"": ""n/a unless migration waves shown""}",0,"{""fixed_pattern_reuse"": ""pptxtemplate inspect/build-review for the 65 hash-pinned source contracts; pptxcomponent check/apply for exposed text and declared color bindings"", ""new_geometry_or_dynamic_counts"": ""pptxcompose spec and its fit/probe/build workflow; this route still needs purpose-built primitives for native tables, richer connectors, and repeatable layout families"", ""portable_contracts"": ""pptxlib currently indexes 13 portable contracts separately from the 65 reviewed source-pattern templates"", ""references"": [""cmd/pptxtemplate/README.md"", ""cmd/pptxcomponent/README.md"", ""planning/DENSE_LAYOUT_GAPS.md"", ""planning/SHARED_GAPS_IMPLEMENTATION.md""]}"
t061-enablecomp-029,61,evidence_people,"Four deliverable-example columns, each with explanatory copy and paired miniature artifact",visual_storytelling,enablecomp:029,implemented,bindings_inspected,False,11,14,11,none declared,none declared,none in contract; source colors fixed,unsupported by this contract; source typeface/theme retained,copy within existing text/run/paragraph bindings only; bullet glyph/style/count fixed,"labels/copy editable where slot exists; source row/column count, sizing and positions fixed",fixed source item/object count; no add/remove/repeat API,not exposed as semantic geometry; source connectors/lines/arrows are fixed or disclosed opaque artwork,text labels editable where present; shape position/data/scale/visual indicator fixed unless explicitly declared as RGB/text binding,not a timeline pattern; source geometry remains fixed,"[""Paired mini-artifact screenshots in four columns are opaque source images and can retain client-specific evidence.""]","[""Fixed text-binding cardinality; text flow and fit are not measured."", ""Source-only diagrams, charts, screenshots and their labels remain opaque unless specifically editable text slots."", ""Native rendering, visual fit, adaptation qualification, and application of example values have not been performed by this lane."", ""Opaque thumbnails do not match the new generic captions exactly and require replacement for external use.""]",dynamic source-native reflow/count changes; font roles; editable connector/indicator geometry or data as applicable,"{""color"": ""caption/highlight consistency"", ""fonts"": ""caption/callout/label hierarchy"", ""bullets"": ""captions/quote count"", ""rows"": ""story/artifact sequence"", ""columns"": ""image/quote/metric arrangement"", ""items"": ""image, quote and artifact count/order"", ""connectors"": ""story sequence/annotation pointers"", ""indicators"": ""number badges/metric overlays"", ""timeline"": ""milestone/photo sequence if present""}",0,"{""fixed_pattern_reuse"": ""pptxtemplate inspect/build-review for the 65 hash-pinned source contracts; pptxcomponent check/apply for exposed text and declared color bindings"", ""new_geometry_or_dynamic_counts"": ""pptxcompose spec and its fit/probe/build workflow; this route still needs purpose-built primitives for native tables, richer connectors, and repeatable layout families"", ""portable_contracts"": ""pptxlib currently indexes 13 portable contracts separately from the 65 reviewed source-pattern templates"", ""references"": [""cmd/pptxtemplate/README.md"", ""cmd/pptxcomponent/README.md"", ""planning/DENSE_LAYOUT_GAPS.md"", ""planning/SHARED_GAPS_IMPLEMENTATION.md""]}"
t062-graphics-and-layouts-059,62,approach_narrative,Four chevron phase headers each aligned to a content panel and a full-width outcome banner,approach_delivery,graphics-and-layouts:059,implemented,bindings_inspected,False,10,14,10,none declared,none declared,none in contract; source colors fixed,unsupported by this contract; source typeface/theme retained,copy within existing text/run/paragraph bindings only; bullet glyph/style/count fixed,"labels/copy editable where slot exists; source row/column count, sizing and positions fixed",fixed source item/object count; no add/remove/repeat API,not exposed as semantic geometry; source connectors/lines/arrows are fixed or disclosed opaque artwork,text labels editable where present; shape position/data/scale/visual indicator fixed unless explicitly declared as RGB/text binding,not a timeline pattern; source geometry remains fixed,"[""Four chevrons, content panels, and bottom outcome banner are fixed source shapes.""]","[""Fixed source geometry; longer replacement text may not fit."", ""Source graphics are preserved and may retain source-specific visual context."", ""No claims of native fit, reflow, or visual qualification.""]",dynamic source-native reflow/count changes; font roles; editable connector/indicator geometry or data as applicable,"{""color"": ""phase/status and gate states"", ""fonts"": ""phase title/body/decision hierarchy"", ""bullets"": ""activities per phase"", ""rows"": ""parallel tracks or workstreams"", ""columns"": ""phase count and objective/deliverable slots"", ""items"": ""phase/gate count"", ""connectors"": ""phase-to-phase arrows and handoffs"", ""indicators"": ""decision gates and completion cues"", ""timeline"": ""duration, sequence, milestones""}",0,"{""fixed_pattern_reuse"": ""pptxtemplate inspect/build-review for the 65 hash-pinned source contracts; pptxcomponent check/apply for exposed text and declared color bindings"", ""new_geometry_or_dynamic_counts"": ""pptxcompose spec and its fit/probe/build workflow; this route still needs purpose-built primitives for native tables, richer connectors, and repeatable layout families"", ""portable_contracts"": ""pptxlib currently indexes 13 portable contracts separately from the 65 reviewed source-pattern templates"", ""references"": [""cmd/pptxtemplate/README.md"", ""cmd/pptxcomponent/README.md"", ""planning/DENSE_LAYOUT_GAPS.md"", ""planning/SHARED_GAPS_IMPLEMENTATION.md""]}"
t063-enablecomp-030,63,architecture_product,Capacity/value realization diagram with four progressively changing columns and governance,business_architecture,enablecomp:030,implemented,bindings_inspected,False,19,30,19,none declared,none declared,none in contract; source colors fixed,unsupported by this contract; source typeface/theme retained,copy within existing text/run/paragraph bindings only; bullet glyph/style/count fixed,"labels/copy editable where slot exists; source row/column count, sizing and positions fixed",fixed source item/object count; no add/remove/repeat API,not exposed as semantic geometry; source connectors/lines/arrows are fixed or disclosed opaque artwork,text labels editable where present; shape position/data/scale/visual indicator fixed unless explicitly declared as RGB/text binding,not a timeline pattern; source geometry remains fixed,"[""Capacity-flow bars/arrows are native visual shapes; the workflow governance narrative and exposed stage labels are editable text.""]","[""Fixed source geometry and binding cardinality; no dynamic reflow or variable item count."", ""Text fit is not measured; native PowerPoint fit and visual QA remain pending."", ""Illustrative planning copy coexists with disclosed original labels, logos, and diagrams; review retained source facts before client use.""]",dynamic source-native reflow/count changes; font roles; editable connector/indicator geometry or data as applicable,"{""color"": ""domain/status/actor families"", ""fonts"": ""row label/body hierarchy"", ""bullets"": ""supporting bullets per row/cell"", ""rows"": ""actors, capabilities, work steps"", ""columns"": ""domain/platform/role axes"", ""items"": ""capability and component count"", ""connectors"": ""dependencies and flow direction"", ""indicators"": ""risk/value/gauge thresholds"", ""timeline"": ""n/a unless stages are explicit""}",0,"{""fixed_pattern_reuse"": ""pptxtemplate inspect/build-review for the 65 hash-pinned source contracts; pptxcomponent check/apply for exposed text and declared color bindings"", ""new_geometry_or_dynamic_counts"": ""pptxcompose spec and its fit/probe/build workflow; this route still needs purpose-built primitives for native tables, richer connectors, and repeatable layout families"", ""portable_contracts"": ""pptxlib currently indexes 13 portable contracts separately from the 65 reviewed source-pattern templates"", ""references"": [""cmd/pptxtemplate/README.md"", ""cmd/pptxcomponent/README.md"", ""planning/DENSE_LAYOUT_GAPS.md"", ""planning/SHARED_GAPS_IMPLEMENTATION.md""]}"
t064-uhg-050,64,evidence_people,"Case study with narrative, metric cards and technical architecture plus value table.",comparison_evidence,uhg:050,implemented,bindings_inspected,False,9,12,9,none declared,none declared,none in contract; source colors fixed,unsupported by this contract; source typeface/theme retained,copy within existing text/run/paragraph bindings only; bullet glyph/style/count fixed,"labels/copy editable where slot exists; source row/column count, sizing and positions fixed",fixed source item/object count; no add/remove/repeat API,not exposed as semantic geometry; source connectors/lines/arrows are fixed or disclosed opaque artwork,text labels editable where present; shape position/data/scale/visual indicator fixed unless explicitly declared as RGB/text binding,not a timeline pattern; source geometry remains fixed,"[""Technical architecture and business-value mini-table are opaque source images; source metric graphics are also retained and can still show original outcome claims.""]","[""Fixed text-binding cardinality; text flow and fit are not measured."", ""Source-only diagrams, charts, screenshots and their labels remain opaque unless specifically editable text slots."", ""Native rendering, visual fit, adaptation qualification, and application of example values have not been performed by this lane.""]",dynamic source-native reflow/count changes; font roles; editable connector/indicator geometry or data as applicable,"{""color"": ""criteria/status and data-series color"", ""fonts"": ""row/column headings and evidence notes"", ""bullets"": ""qualitative evidence count per cell"", ""rows"": ""criteria and alternative rows"", ""columns"": ""comparison options and evidence columns"", ""items"": ""number of alternatives/criteria"", ""connectors"": ""mapping from pain point to response"", ""indicators"": ""gauge scale, thresholds, current/target marker"", ""timeline"": ""n/a""}",0,"{""fixed_pattern_reuse"": ""pptxtemplate inspect/build-review for the 65 hash-pinned source contracts; pptxcomponent check/apply for exposed text and declared color bindings"", ""new_geometry_or_dynamic_counts"": ""pptxcompose spec and its fit/probe/build workflow; this route still needs purpose-built primitives for native tables, richer connectors, and repeatable layout families"", ""portable_contracts"": ""pptxlib currently indexes 13 portable contracts separately from the 65 reviewed source-pattern templates"", ""references"": [""cmd/pptxtemplate/README.md"", ""cmd/pptxcomponent/README.md"", ""planning/DENSE_LAYOUT_GAPS.md"", ""planning/SHARED_GAPS_IMPLEMENTATION.md""]}"
t065-graphics-and-layouts-007,65,approach_narrative,Four equal rectangular content boxes in a two-by-two grid,narrative,graphics-and-layouts:007,implemented,bindings_inspected,False,9,9,9,none declared,none declared,none in contract; source colors fixed,unsupported by this contract; source typeface/theme retained,copy within existing text/run/paragraph bindings only; bullet glyph/style/count fixed,"labels/copy editable where slot exists; source row/column count, sizing and positions fixed",fixed source item/object count; no add/remove/repeat API,not exposed as semantic geometry; source connectors/lines/arrows are fixed or disclosed opaque artwork,text labels editable where present; shape position/data/scale/visual indicator fixed unless explicitly declared as RGB/text binding,not a timeline pattern; source geometry remains fixed,"[""Four blue card headers and shaded body boxes are fixed source shapes.""]","[""Fixed source geometry; longer replacement text may not fit."", ""Source graphics are preserved and may retain source-specific visual context."", ""No claims of native fit, reflow, or visual qualification.""]",dynamic source-native reflow/count changes; font roles; editable connector/indicator geometry or data as applicable,"{""color"": ""emphasis/surface/foreground pairs"", ""fonts"": ""headline, subhead, body hierarchy"", ""bullets"": ""paragraph/bullet count per field"", ""rows"": ""content modules"", ""columns"": ""card/column count"", ""items"": ""content card count"", ""connectors"": ""cycle/sequence arrows if present"", ""indicators"": ""callout statistic or pull quote"", ""timeline"": ""n/a""}",0,"{""fixed_pattern_reuse"": ""pptxtemplate inspect/build-review for the 65 hash-pinned source contracts; pptxcomponent check/apply for exposed text and declared color bindings"", ""new_geometry_or_dynamic_counts"": ""pptxcompose spec and its fit/probe/build workflow; this route still needs purpose-built primitives for native tables, richer connectors, and repeatable layout families"", ""portable_contracts"": ""pptxlib currently indexes 13 portable contracts separately from the 65 reviewed source-pattern templates"", ""references"": [""cmd/pptxtemplate/README.md"", ""cmd/pptxcomponent/README.md"", ""planning/DENSE_LAYOUT_GAPS.md"", ""planning/SHARED_GAPS_IMPLEMENTATION.md""]}"
